2024-02-01 10:01:54 notice: `Router::connect()` is deprecated, use the non-static method `RouteBuilder::connect()` instead.
E:\xampp_7.2\htdocs\openemis_core_v4\plugins\StaffCustomField\config\routes.php, line: 6
You can disable all deprecation warnings by setting `Error.errorLevel` to `E_ALL & ~E_USER_DEPRECATED`. Adding `plugins/StaffCustomField/config/routes.php` to `Error.ignoredDeprecationPaths` in your `config/app.php` config will mute deprecations from that file only.
Request URL: /Directory/Directories/Directories/view/eyJpZCI6bnVsbH0.NzQxNDY3ODllMWMyMWE0NTFkNzVjNTU2NjdhZDY2MWRiNjY2MGZjY2I1YjExNzMwN2Y0NTY5MWQzMGU5ZDUyMA
Referer URL: https://localhost/openemis_core_v4/Directory/Directories/Directories/view/eyJpZCI6MTMxMX0.NTk3Y2Q3MWQ3YWFiNWM4MjI0MjMzZGVjNGY1YzM5MmE2YjZhYmI1MDQ0ZDBiODU2NDQ1MWY2NDU4M2E2Y2QxMA
Client IP: 127.0.0.1
Trace:
deprecationWarning E:\xampp_7.2\htdocs\openemis_core_v4\vendor\cakephp\cakephp\src\Core\functions.php, line 328
Cake\Routing\Router::connect() E:\xampp_7.2\htdocs\openemis_core_v4\vendor\cakephp\cakephp\src\Routing\Router.php, line 214
Cake\Core\BasePlugin::{closure}() E:\xampp_7.2\htdocs\openemis_core_v4\plugins\StaffCustomField\config\routes.php, line 6
Cake\Routing\RouteBuilder::scope() E:\xampp_7.2\htdocs\openemis_core_v4\vendor\cakephp\cakephp\src\Routing\RouteBuilder.php, line 946
Cake\Routing\Router::scope() E:\xampp_7.2\htdocs\openemis_core_v4\vendor\cakephp\cakephp\src\Routing\Router.php, line 857
require E:\xampp_7.2\htdocs\openemis_core_v4\plugins\StaffCustomField\config\routes.php, line 7
Cake\Core\BasePlugin::routes() E:\xampp_7.2\htdocs\openemis_core_v4\vendor\cakephp\cakephp\src\Core\BasePlugin.php, line 262
Cake\Http\BaseApplication::pluginRoutes() E:\xampp_7.2\htdocs\openemis_core_v4\vendor\cakephp\cakephp\src\Http\BaseApplication.php, line 211
Cake\Routing\Middleware\RoutingMiddleware::prepareRouteCollection() E:\xampp_7.2\htdocs\openemis_core_v4\vendor\cakephp\cakephp\src\Routing\Middleware\RoutingMiddleware.php, line 137
Cake\Routing\Middleware\RoutingMiddleware::buildRouteCollection() E:\xampp_7.2\htdocs\openemis_core_v4\vendor\cakephp\cakephp\src\Routing\Middleware\RoutingMiddleware.php, line 124
Cake\Routing\Middleware\RoutingMiddleware::loadRoutes() E:\xampp_7.2\htdocs\openemis_core_v4\vendor\cakephp\cakephp\src\Routing\Middleware\RoutingMiddleware.php, line 95
Cake\Routing\Middleware\RoutingMiddleware::process() E:\xampp_7.2\htdocs\openemis_core_v4\vendor\cakephp\cakephp\src\Routing\Middleware\RoutingMiddleware.php, line 155
Cake\Http\Runner::handle() E:\xampp_7.2\htdocs\openemis_core_v4\vendor\cakephp\cakephp\src\Http\Runner.php, line 82
Cake\Routing\Middleware\AssetMiddleware::process() E:\xampp_7.2\htdocs\openemis_core_v4\vendor\cakephp\cakephp\src\Routing\Middleware\AssetMiddleware.php, line 77
Cake\Http\Runner::handle() E:\xampp_7.2\htdocs\openemis_core_v4\vendor\cakephp\cakephp\src\Http\Runner.php, line 82
Cake\Error\Middleware\ErrorHandlerMiddleware::process() E:\xampp_7.2\htdocs\openemis_core_v4\vendor\cakephp\cakephp\src\Error\Middleware\ErrorHandlerMiddleware.php, line 131
Cake\Http\Runner::handle() E:\xampp_7.2\htdocs\openemis_core_v4\vendor\cakephp\cakephp\src\Http\Runner.php, line 82
Cake\Http\Runner::run() E:\xampp_7.2\htdocs\openemis_core_v4\vendor\cakephp\cakephp\src\Http\Runner.php, line 67
Cake\Http\Server::run() E:\xampp_7.2\htdocs\openemis_core_v4\vendor\cakephp\cakephp\src\Http\Server.php, line 90
[main] E:\xampp_7.2\htdocs\openemis_core_v4\webroot\index.php, line 40

2024-02-01 10:01:54 notice: `Router::scope()` is deprecated, use the non-static method `RouteBuilder::scope()` instead.
E:\xampp_7.2\htdocs\openemis_core_v4\plugins\Infrastructure\config\routes.php, line: 7
You can disable all deprecation warnings by setting `Error.errorLevel` to `E_ALL & ~E_USER_DEPRECATED`. Adding `plugins/Infrastructure/config/routes.php` to `Error.ignoredDeprecationPaths` in your `config/app.php` config will mute deprecations from that file only.
Request URL: /Directory/Directories/Directories/view/eyJpZCI6bnVsbH0.NzQxNDY3ODllMWMyMWE0NTFkNzVjNTU2NjdhZDY2MWRiNjY2MGZjY2I1YjExNzMwN2Y0NTY5MWQzMGU5ZDUyMA
Referer URL: https://localhost/openemis_core_v4/Directory/Directories/Directories/view/eyJpZCI6MTMxMX0.NTk3Y2Q3MWQ3YWFiNWM4MjI0MjMzZGVjNGY1YzM5MmE2YjZhYmI1MDQ0ZDBiODU2NDQ1MWY2NDU4M2E2Y2QxMA
Client IP: 127.0.0.1
Trace:
deprecationWarning E:\xampp_7.2\htdocs\openemis_core_v4\vendor\cakephp\cakephp\src\Core\functions.php, line 328
Cake\Routing\Router::scope() E:\xampp_7.2\htdocs\openemis_core_v4\vendor\cakephp\cakephp\src\Routing\Router.php, line 848
require E:\xampp_7.2\htdocs\openemis_core_v4\plugins\Infrastructure\config\routes.php, line 7
Cake\Core\BasePlugin::routes() E:\xampp_7.2\htdocs\openemis_core_v4\vendor\cakephp\cakephp\src\Core\BasePlugin.php, line 262
Cake\Http\BaseApplication::pluginRoutes() E:\xampp_7.2\htdocs\openemis_core_v4\vendor\cakephp\cakephp\src\Http\BaseApplication.php, line 211
Cake\Routing\Middleware\RoutingMiddleware::prepareRouteCollection() E:\xampp_7.2\htdocs\openemis_core_v4\vendor\cakephp\cakephp\src\Routing\Middleware\RoutingMiddleware.php, line 137
Cake\Routing\Middleware\RoutingMiddleware::buildRouteCollection() E:\xampp_7.2\htdocs\openemis_core_v4\vendor\cakephp\cakephp\src\Routing\Middleware\RoutingMiddleware.php, line 124
Cake\Routing\Middleware\RoutingMiddleware::loadRoutes() E:\xampp_7.2\htdocs\openemis_core_v4\vendor\cakephp\cakephp\src\Routing\Middleware\RoutingMiddleware.php, line 95
Cake\Routing\Middleware\RoutingMiddleware::process() E:\xampp_7.2\htdocs\openemis_core_v4\vendor\cakephp\cakephp\src\Routing\Middleware\RoutingMiddleware.php, line 155
Cake\Http\Runner::handle() E:\xampp_7.2\htdocs\openemis_core_v4\vendor\cakephp\cakephp\src\Http\Runner.php, line 82
Cake\Routing\Middleware\AssetMiddleware::process() E:\xampp_7.2\htdocs\openemis_core_v4\vendor\cakephp\cakephp\src\Routing\Middleware\AssetMiddleware.php, line 77
Cake\Http\Runner::handle() E:\xampp_7.2\htdocs\openemis_core_v4\vendor\cakephp\cakephp\src\Http\Runner.php, line 82
Cake\Error\Middleware\ErrorHandlerMiddleware::process() E:\xampp_7.2\htdocs\openemis_core_v4\vendor\cakephp\cakephp\src\Error\Middleware\ErrorHandlerMiddleware.php, line 131
Cake\Http\Runner::handle() E:\xampp_7.2\htdocs\openemis_core_v4\vendor\cakephp\cakephp\src\Http\Runner.php, line 82
Cake\Http\Runner::run() E:\xampp_7.2\htdocs\openemis_core_v4\vendor\cakephp\cakephp\src\Http\Runner.php, line 67
Cake\Http\Server::run() E:\xampp_7.2\htdocs\openemis_core_v4\vendor\cakephp\cakephp\src\Http\Server.php, line 90
[main] E:\xampp_7.2\htdocs\openemis_core_v4\webroot\index.php, line 40

2024-02-01 10:01:54 notice: `Router::connect()` is deprecated, use the non-static method `RouteBuilder::connect()` instead.
E:\xampp_7.2\htdocs\openemis_core_v4\plugins\Infrastructure\config\routes.php, line: 5
You can disable all deprecation warnings by setting `Error.errorLevel` to `E_ALL & ~E_USER_DEPRECATED`. Adding `plugins/Infrastructure/config/routes.php` to `Error.ignoredDeprecationPaths` in your `config/app.php` config will mute deprecations from that file only.
Request URL: /Directory/Directories/Directories/view/eyJpZCI6bnVsbH0.NzQxNDY3ODllMWMyMWE0NTFkNzVjNTU2NjdhZDY2MWRiNjY2MGZjY2I1YjExNzMwN2Y0NTY5MWQzMGU5ZDUyMA
Referer URL: https://localhost/openemis_core_v4/Directory/Directories/Directories/view/eyJpZCI6MTMxMX0.NTk3Y2Q3MWQ3YWFiNWM4MjI0MjMzZGVjNGY1YzM5MmE2YjZhYmI1MDQ0ZDBiODU2NDQ1MWY2NDU4M2E2Y2QxMA
Client IP: 127.0.0.1
Trace:
deprecationWarning E:\xampp_7.2\htdocs\openemis_core_v4\vendor\cakephp\cakephp\src\Core\functions.php, line 328
Cake\Routing\Router::connect() E:\xampp_7.2\htdocs\openemis_core_v4\vendor\cakephp\cakephp\src\Routing\Router.php, line 214
Cake\Core\BasePlugin::{closure}() E:\xampp_7.2\htdocs\openemis_core_v4\plugins\Infrastructure\config\routes.php, line 5
Cake\Routing\RouteBuilder::scope() E:\xampp_7.2\htdocs\openemis_core_v4\vendor\cakephp\cakephp\src\Routing\RouteBuilder.php, line 946
Cake\Routing\Router::scope() E:\xampp_7.2\htdocs\openemis_core_v4\vendor\cakephp\cakephp\src\Routing\Router.php, line 857
require E:\xampp_7.2\htdocs\openemis_core_v4\plugins\Infrastructure\config\routes.php, line 7
Cake\Core\BasePlugin::routes() E:\xampp_7.2\htdocs\openemis_core_v4\vendor\cakephp\cakephp\src\Core\BasePlugin.php, line 262
Cake\Http\BaseApplication::pluginRoutes() E:\xampp_7.2\htdocs\openemis_core_v4\vendor\cakephp\cakephp\src\Http\BaseApplication.php, line 211
Cake\Routing\Middleware\RoutingMiddleware::prepareRouteCollection() E:\xampp_7.2\htdocs\openemis_core_v4\vendor\cakephp\cakephp\src\Routing\Middleware\RoutingMiddleware.php, line 137
Cake\Routing\Middleware\RoutingMiddleware::buildRouteCollection() E:\xampp_7.2\htdocs\openemis_core_v4\vendor\cakephp\cakephp\src\Routing\Middleware\RoutingMiddleware.php, line 124
Cake\Routing\Middleware\RoutingMiddleware::loadRoutes() E:\xampp_7.2\htdocs\openemis_core_v4\vendor\cakephp\cakephp\src\Routing\Middleware\RoutingMiddleware.php, line 95
Cake\Routing\Middleware\RoutingMiddleware::process() E:\xampp_7.2\htdocs\openemis_core_v4\vendor\cakephp\cakephp\src\Routing\Middleware\RoutingMiddleware.php, line 155
Cake\Http\Runner::handle() E:\xampp_7.2\htdocs\openemis_core_v4\vendor\cakephp\cakephp\src\Http\Runner.php, line 82
Cake\Routing\Middleware\AssetMiddleware::process() E:\xampp_7.2\htdocs\openemis_core_v4\vendor\cakephp\cakephp\src\Routing\Middleware\AssetMiddleware.php, line 77
Cake\Http\Runner::handle() E:\xampp_7.2\htdocs\openemis_core_v4\vendor\cakephp\cakephp\src\Http\Runner.php, line 82
Cake\Error\Middleware\ErrorHandlerMiddleware::process() E:\xampp_7.2\htdocs\openemis_core_v4\vendor\cakephp\cakephp\src\Error\Middleware\ErrorHandlerMiddleware.php, line 131
Cake\Http\Runner::handle() E:\xampp_7.2\htdocs\openemis_core_v4\vendor\cakephp\cakephp\src\Http\Runner.php, line 82
Cake\Http\Runner::run() E:\xampp_7.2\htdocs\openemis_core_v4\vendor\cakephp\cakephp\src\Http\Runner.php, line 67
Cake\Http\Server::run() E:\xampp_7.2\htdocs\openemis_core_v4\vendor\cakephp\cakephp\src\Http\Server.php, line 90
[main] E:\xampp_7.2\htdocs\openemis_core_v4\webroot\index.php, line 40

2024-02-01 10:01:54 notice: `Router::connect()` is deprecated, use the non-static method `RouteBuilder::connect()` instead.
E:\xampp_7.2\htdocs\openemis_core_v4\plugins\Infrastructure\config\routes.php, line: 6
You can disable all deprecation warnings by setting `Error.errorLevel` to `E_ALL & ~E_USER_DEPRECATED`. Adding `plugins/Infrastructure/config/routes.php` to `Error.ignoredDeprecationPaths` in your `config/app.php` config will mute deprecations from that file only.
Request URL: /Directory/Directories/Directories/view/eyJpZCI6bnVsbH0.NzQxNDY3ODllMWMyMWE0NTFkNzVjNTU2NjdhZDY2MWRiNjY2MGZjY2I1YjExNzMwN2Y0NTY5MWQzMGU5ZDUyMA
Referer URL: https://localhost/openemis_core_v4/Directory/Directories/Directories/view/eyJpZCI6MTMxMX0.NTk3Y2Q3MWQ3YWFiNWM4MjI0MjMzZGVjNGY1YzM5MmE2YjZhYmI1MDQ0ZDBiODU2NDQ1MWY2NDU4M2E2Y2QxMA
Client IP: 127.0.0.1
Trace:
deprecationWarning E:\xampp_7.2\htdocs\openemis_core_v4\vendor\cakephp\cakephp\src\Core\functions.php, line 328
Cake\Routing\Router::connect() E:\xampp_7.2\htdocs\openemis_core_v4\vendor\cakephp\cakephp\src\Routing\Router.php, line 214
Cake\Core\BasePlugin::{closure}() E:\xampp_7.2\htdocs\openemis_core_v4\plugins\Infrastructure\config\routes.php, line 6
Cake\Routing\RouteBuilder::scope() E:\xampp_7.2\htdocs\openemis_core_v4\vendor\cakephp\cakephp\src\Routing\RouteBuilder.php, line 946
Cake\Routing\Router::scope() E:\xampp_7.2\htdocs\openemis_core_v4\vendor\cakephp\cakephp\src\Routing\Router.php, line 857
require E:\xampp_7.2\htdocs\openemis_core_v4\plugins\Infrastructure\config\routes.php, line 7
Cake\Core\BasePlugin::routes() E:\xampp_7.2\htdocs\openemis_core_v4\vendor\cakephp\cakephp\src\Core\BasePlugin.php, line 262
Cake\Http\BaseApplication::pluginRoutes() E:\xampp_7.2\htdocs\openemis_core_v4\vendor\cakephp\cakephp\src\Http\BaseApplication.php, line 211
Cake\Routing\Middleware\RoutingMiddleware::prepareRouteCollection() E:\xampp_7.2\htdocs\openemis_core_v4\vendor\cakephp\cakephp\src\Routing\Middleware\RoutingMiddleware.php, line 137
Cake\Routing\Middleware\RoutingMiddleware::buildRouteCollection() E:\xampp_7.2\htdocs\openemis_core_v4\vendor\cakephp\cakephp\src\Routing\Middleware\RoutingMiddleware.php, line 124
Cake\Routing\Middleware\RoutingMiddleware::loadRoutes() E:\xampp_7.2\htdocs\openemis_core_v4\vendor\cakephp\cakephp\src\Routing\Middleware\RoutingMiddleware.php, line 95
Cake\Routing\Middleware\RoutingMiddleware::process() E:\xampp_7.2\htdocs\openemis_core_v4\vendor\cakephp\cakephp\src\Routing\Middleware\RoutingMiddleware.php, line 155
Cake\Http\Runner::handle() E:\xampp_7.2\htdocs\openemis_core_v4\vendor\cakephp\cakephp\src\Http\Runner.php, line 82
Cake\Routing\Middleware\AssetMiddleware::process() E:\xampp_7.2\htdocs\openemis_core_v4\vendor\cakephp\cakephp\src\Routing\Middleware\AssetMiddleware.php, line 77
Cake\Http\Runner::handle() E:\xampp_7.2\htdocs\openemis_core_v4\vendor\cakephp\cakephp\src\Http\Runner.php, line 82
Cake\Error\Middleware\ErrorHandlerMiddleware::process() E:\xampp_7.2\htdocs\openemis_core_v4\vendor\cakephp\cakephp\src\Error\Middleware\ErrorHandlerMiddleware.php, line 131
Cake\Http\Runner::handle() E:\xampp_7.2\htdocs\openemis_core_v4\vendor\cakephp\cakephp\src\Http\Runner.php, line 82
Cake\Http\Runner::run() E:\xampp_7.2\htdocs\openemis_core_v4\vendor\cakephp\cakephp\src\Http\Runner.php, line 67
Cake\Http\Server::run() E:\xampp_7.2\htdocs\openemis_core_v4\vendor\cakephp\cakephp\src\Http\Server.php, line 90
[main] E:\xampp_7.2\htdocs\openemis_core_v4\webroot\index.php, line 40

2024-02-01 10:01:55 notice: `Router::scope()` is deprecated, use the non-static method `RouteBuilder::scope()` instead.
E:\xampp_7.2\htdocs\openemis_core_v4\plugins\Error\config\routes.php, line: 7
You can disable all deprecation warnings by setting `Error.errorLevel` to `E_ALL & ~E_USER_DEPRECATED`. Adding `plugins/Error/config/routes.php` to `Error.ignoredDeprecationPaths` in your `config/app.php` config will mute deprecations from that file only.
Request URL: /Directory/Directories/Directories/view/eyJpZCI6bnVsbH0.NzQxNDY3ODllMWMyMWE0NTFkNzVjNTU2NjdhZDY2MWRiNjY2MGZjY2I1YjExNzMwN2Y0NTY5MWQzMGU5ZDUyMA
Referer URL: https://localhost/openemis_core_v4/Directory/Directories/Directories/view/eyJpZCI6MTMxMX0.NTk3Y2Q3MWQ3YWFiNWM4MjI0MjMzZGVjNGY1YzM5MmE2YjZhYmI1MDQ0ZDBiODU2NDQ1MWY2NDU4M2E2Y2QxMA
Client IP: 127.0.0.1
Trace:
deprecationWarning E:\xampp_7.2\htdocs\openemis_core_v4\vendor\cakephp\cakephp\src\Core\functions.php, line 328
Cake\Routing\Router::scope() E:\xampp_7.2\htdocs\openemis_core_v4\vendor\cakephp\cakephp\src\Routing\Router.php, line 848
require E:\xampp_7.2\htdocs\openemis_core_v4\plugins\Error\config\routes.php, line 7
Cake\Core\BasePlugin::routes() E:\xampp_7.2\htdocs\openemis_core_v4\vendor\cakephp\cakephp\src\Core\BasePlugin.php, line 262
Cake\Http\BaseApplication::pluginRoutes() E:\xampp_7.2\htdocs\openemis_core_v4\vendor\cakephp\cakephp\src\Http\BaseApplication.php, line 211
Cake\Routing\Middleware\RoutingMiddleware::prepareRouteCollection() E:\xampp_7.2\htdocs\openemis_core_v4\vendor\cakephp\cakephp\src\Routing\Middleware\RoutingMiddleware.php, line 137
Cake\Routing\Middleware\RoutingMiddleware::buildRouteCollection() E:\xampp_7.2\htdocs\openemis_core_v4\vendor\cakephp\cakephp\src\Routing\Middleware\RoutingMiddleware.php, line 124
Cake\Routing\Middleware\RoutingMiddleware::loadRoutes() E:\xampp_7.2\htdocs\openemis_core_v4\vendor\cakephp\cakephp\src\Routing\Middleware\RoutingMiddleware.php, line 95
Cake\Routing\Middleware\RoutingMiddleware::process() E:\xampp_7.2\htdocs\openemis_core_v4\vendor\cakephp\cakephp\src\Routing\Middleware\RoutingMiddleware.php, line 155
Cake\Http\Runner::handle() E:\xampp_7.2\htdocs\openemis_core_v4\vendor\cakephp\cakephp\src\Http\Runner.php, line 82
Cake\Routing\Middleware\AssetMiddleware::process() E:\xampp_7.2\htdocs\openemis_core_v4\vendor\cakephp\cakephp\src\Routing\Middleware\AssetMiddleware.php, line 77
Cake\Http\Runner::handle() E:\xampp_7.2\htdocs\openemis_core_v4\vendor\cakephp\cakephp\src\Http\Runner.php, line 82
Cake\Error\Middleware\ErrorHandlerMiddleware::process() E:\xampp_7.2\htdocs\openemis_core_v4\vendor\cakephp\cakephp\src\Error\Middleware\ErrorHandlerMiddleware.php, line 131
Cake\Http\Runner::handle() E:\xampp_7.2\htdocs\openemis_core_v4\vendor\cakephp\cakephp\src\Http\Runner.php, line 82
Cake\Http\Runner::run() E:\xampp_7.2\htdocs\openemis_core_v4\vendor\cakephp\cakephp\src\Http\Runner.php, line 67
Cake\Http\Server::run() E:\xampp_7.2\htdocs\openemis_core_v4\vendor\cakephp\cakephp\src\Http\Server.php, line 90
[main] E:\xampp_7.2\htdocs\openemis_core_v4\webroot\index.php, line 40

2024-02-01 10:01:55 notice: `Router::connect()` is deprecated, use the non-static method `RouteBuilder::connect()` instead.
E:\xampp_7.2\htdocs\openemis_core_v4\plugins\Error\config\routes.php, line: 5
You can disable all deprecation warnings by setting `Error.errorLevel` to `E_ALL & ~E_USER_DEPRECATED`. Adding `plugins/Error/config/routes.php` to `Error.ignoredDeprecationPaths` in your `config/app.php` config will mute deprecations from that file only.
Request URL: /Directory/Directories/Directories/view/eyJpZCI6bnVsbH0.NzQxNDY3ODllMWMyMWE0NTFkNzVjNTU2NjdhZDY2MWRiNjY2MGZjY2I1YjExNzMwN2Y0NTY5MWQzMGU5ZDUyMA
Referer URL: https://localhost/openemis_core_v4/Directory/Directories/Directories/view/eyJpZCI6MTMxMX0.NTk3Y2Q3MWQ3YWFiNWM4MjI0MjMzZGVjNGY1YzM5MmE2YjZhYmI1MDQ0ZDBiODU2NDQ1MWY2NDU4M2E2Y2QxMA
Client IP: 127.0.0.1
Trace:
deprecationWarning E:\xampp_7.2\htdocs\openemis_core_v4\vendor\cakephp\cakephp\src\Core\functions.php, line 328
Cake\Routing\Router::connect() E:\xampp_7.2\htdocs\openemis_core_v4\vendor\cakephp\cakephp\src\Routing\Router.php, line 214
Cake\Core\BasePlugin::{closure}() E:\xampp_7.2\htdocs\openemis_core_v4\plugins\Error\config\routes.php, line 5
Cake\Routing\RouteBuilder::scope() E:\xampp_7.2\htdocs\openemis_core_v4\vendor\cakephp\cakephp\src\Routing\RouteBuilder.php, line 946
Cake\Routing\Router::scope() E:\xampp_7.2\htdocs\openemis_core_v4\vendor\cakephp\cakephp\src\Routing\Router.php, line 857
require E:\xampp_7.2\htdocs\openemis_core_v4\plugins\Error\config\routes.php, line 7
Cake\Core\BasePlugin::routes() E:\xampp_7.2\htdocs\openemis_core_v4\vendor\cakephp\cakephp\src\Core\BasePlugin.php, line 262
Cake\Http\BaseApplication::pluginRoutes() E:\xampp_7.2\htdocs\openemis_core_v4\vendor\cakephp\cakephp\src\Http\BaseApplication.php, line 211
Cake\Routing\Middleware\RoutingMiddleware::prepareRouteCollection() E:\xampp_7.2\htdocs\openemis_core_v4\vendor\cakephp\cakephp\src\Routing\Middleware\RoutingMiddleware.php, line 137
Cake\Routing\Middleware\RoutingMiddleware::buildRouteCollection() E:\xampp_7.2\htdocs\openemis_core_v4\vendor\cakephp\cakephp\src\Routing\Middleware\RoutingMiddleware.php, line 124
Cake\Routing\Middleware\RoutingMiddleware::loadRoutes() E:\xampp_7.2\htdocs\openemis_core_v4\vendor\cakephp\cakephp\src\Routing\Middleware\RoutingMiddleware.php, line 95
Cake\Routing\Middleware\RoutingMiddleware::process() E:\xampp_7.2\htdocs\openemis_core_v4\vendor\cakephp\cakephp\src\Routing\Middleware\RoutingMiddleware.php, line 155
Cake\Http\Runner::handle() E:\xampp_7.2\htdocs\openemis_core_v4\vendor\cakephp\cakephp\src\Http\Runner.php, line 82
Cake\Routing\Middleware\AssetMiddleware::process() E:\xampp_7.2\htdocs\openemis_core_v4\vendor\cakephp\cakephp\src\Routing\Middleware\AssetMiddleware.php, line 77
Cake\Http\Runner::handle() E:\xampp_7.2\htdocs\openemis_core_v4\vendor\cakephp\cakephp\src\Http\Runner.php, line 82
Cake\Error\Middleware\ErrorHandlerMiddleware::process() E:\xampp_7.2\htdocs\openemis_core_v4\vendor\cakephp\cakephp\src\Error\Middleware\ErrorHandlerMiddleware.php, line 131
Cake\Http\Runner::handle() E:\xampp_7.2\htdocs\openemis_core_v4\vendor\cakephp\cakephp\src\Http\Runner.php, line 82
Cake\Http\Runner::run() E:\xampp_7.2\htdocs\openemis_core_v4\vendor\cakephp\cakephp\src\Http\Runner.php, line 67
Cake\Http\Server::run() E:\xampp_7.2\htdocs\openemis_core_v4\vendor\cakephp\cakephp\src\Http\Server.php, line 90
[main] E:\xampp_7.2\htdocs\openemis_core_v4\webroot\index.php, line 40

2024-02-01 10:01:55 notice: `Router::connect()` is deprecated, use the non-static method `RouteBuilder::connect()` instead.
E:\xampp_7.2\htdocs\openemis_core_v4\plugins\Error\config\routes.php, line: 6
You can disable all deprecation warnings by setting `Error.errorLevel` to `E_ALL & ~E_USER_DEPRECATED`. Adding `plugins/Error/config/routes.php` to `Error.ignoredDeprecationPaths` in your `config/app.php` config will mute deprecations from that file only.
Request URL: /Directory/Directories/Directories/view/eyJpZCI6bnVsbH0.NzQxNDY3ODllMWMyMWE0NTFkNzVjNTU2NjdhZDY2MWRiNjY2MGZjY2I1YjExNzMwN2Y0NTY5MWQzMGU5ZDUyMA
Referer URL: https://localhost/openemis_core_v4/Directory/Directories/Directories/view/eyJpZCI6MTMxMX0.NTk3Y2Q3MWQ3YWFiNWM4MjI0MjMzZGVjNGY1YzM5MmE2YjZhYmI1MDQ0ZDBiODU2NDQ1MWY2NDU4M2E2Y2QxMA
Client IP: 127.0.0.1
Trace:
deprecationWarning E:\xampp_7.2\htdocs\openemis_core_v4\vendor\cakephp\cakephp\src\Core\functions.php, line 328
Cake\Routing\Router::connect() E:\xampp_7.2\htdocs\openemis_core_v4\vendor\cakephp\cakephp\src\Routing\Router.php, line 214
Cake\Core\BasePlugin::{closure}() E:\xampp_7.2\htdocs\openemis_core_v4\plugins\Error\config\routes.php, line 6
Cake\Routing\RouteBuilder::scope() E:\xampp_7.2\htdocs\openemis_core_v4\vendor\cakephp\cakephp\src\Routing\RouteBuilder.php, line 946
Cake\Routing\Router::scope() E:\xampp_7.2\htdocs\openemis_core_v4\vendor\cakephp\cakephp\src\Routing\Router.php, line 857
require E:\xampp_7.2\htdocs\openemis_core_v4\plugins\Error\config\routes.php, line 7
Cake\Core\BasePlugin::routes() E:\xampp_7.2\htdocs\openemis_core_v4\vendor\cakephp\cakephp\src\Core\BasePlugin.php, line 262
Cake\Http\BaseApplication::pluginRoutes() E:\xampp_7.2\htdocs\openemis_core_v4\vendor\cakephp\cakephp\src\Http\BaseApplication.php, line 211
Cake\Routing\Middleware\RoutingMiddleware::prepareRouteCollection() E:\xampp_7.2\htdocs\openemis_core_v4\vendor\cakephp\cakephp\src\Routing\Middleware\RoutingMiddleware.php, line 137
Cake\Routing\Middleware\RoutingMiddleware::buildRouteCollection() E:\xampp_7.2\htdocs\openemis_core_v4\vendor\cakephp\cakephp\src\Routing\Middleware\RoutingMiddleware.php, line 124
Cake\Routing\Middleware\RoutingMiddleware::loadRoutes() E:\xampp_7.2\htdocs\openemis_core_v4\vendor\cakephp\cakephp\src\Routing\Middleware\RoutingMiddleware.php, line 95
Cake\Routing\Middleware\RoutingMiddleware::process() E:\xampp_7.2\htdocs\openemis_core_v4\vendor\cakephp\cakephp\src\Routing\Middleware\RoutingMiddleware.php, line 155
Cake\Http\Runner::handle() E:\xampp_7.2\htdocs\openemis_core_v4\vendor\cakephp\cakephp\src\Http\Runner.php, line 82
Cake\Routing\Middleware\AssetMiddleware::process() E:\xampp_7.2\htdocs\openemis_core_v4\vendor\cakephp\cakephp\src\Routing\Middleware\AssetMiddleware.php, line 77
Cake\Http\Runner::handle() E:\xampp_7.2\htdocs\openemis_core_v4\vendor\cakephp\cakephp\src\Http\Runner.php, line 82
Cake\Error\Middleware\ErrorHandlerMiddleware::process() E:\xampp_7.2\htdocs\openemis_core_v4\vendor\cakephp\cakephp\src\Error\Middleware\ErrorHandlerMiddleware.php, line 131
Cake\Http\Runner::handle() E:\xampp_7.2\htdocs\openemis_core_v4\vendor\cakephp\cakephp\src\Http\Runner.php, line 82
Cake\Http\Runner::run() E:\xampp_7.2\htdocs\openemis_core_v4\vendor\cakephp\cakephp\src\Http\Runner.php, line 67
Cake\Http\Server::run() E:\xampp_7.2\htdocs\openemis_core_v4\vendor\cakephp\cakephp\src\Http\Server.php, line 90
[main] E:\xampp_7.2\htdocs\openemis_core_v4\webroot\index.php, line 40

2024-02-01 10:01:55 notice: `Router::scope()` is deprecated, use the non-static method `RouteBuilder::scope()` instead.
E:\xampp_7.2\htdocs\openemis_core_v4\plugins\Import\config\routes.php, line: 7
You can disable all deprecation warnings by setting `Error.errorLevel` to `E_ALL & ~E_USER_DEPRECATED`. Adding `plugins/Import/config/routes.php` to `Error.ignoredDeprecationPaths` in your `config/app.php` config will mute deprecations from that file only.
Request URL: /Directory/Directories/Directories/view/eyJpZCI6bnVsbH0.NzQxNDY3ODllMWMyMWE0NTFkNzVjNTU2NjdhZDY2MWRiNjY2MGZjY2I1YjExNzMwN2Y0NTY5MWQzMGU5ZDUyMA
Referer URL: https://localhost/openemis_core_v4/Directory/Directories/Directories/view/eyJpZCI6MTMxMX0.NTk3Y2Q3MWQ3YWFiNWM4MjI0MjMzZGVjNGY1YzM5MmE2YjZhYmI1MDQ0ZDBiODU2NDQ1MWY2NDU4M2E2Y2QxMA
Client IP: 127.0.0.1
Trace:
deprecationWarning E:\xampp_7.2\htdocs\openemis_core_v4\vendor\cakephp\cakephp\src\Core\functions.php, line 328
Cake\Routing\Router::scope() E:\xampp_7.2\htdocs\openemis_core_v4\vendor\cakephp\cakephp\src\Routing\Router.php, line 848
require E:\xampp_7.2\htdocs\openemis_core_v4\plugins\Import\config\routes.php, line 7
Cake\Core\BasePlugin::routes() E:\xampp_7.2\htdocs\openemis_core_v4\vendor\cakephp\cakephp\src\Core\BasePlugin.php, line 262
Cake\Http\BaseApplication::pluginRoutes() E:\xampp_7.2\htdocs\openemis_core_v4\vendor\cakephp\cakephp\src\Http\BaseApplication.php, line 211
Cake\Routing\Middleware\RoutingMiddleware::prepareRouteCollection() E:\xampp_7.2\htdocs\openemis_core_v4\vendor\cakephp\cakephp\src\Routing\Middleware\RoutingMiddleware.php, line 137
Cake\Routing\Middleware\RoutingMiddleware::buildRouteCollection() E:\xampp_7.2\htdocs\openemis_core_v4\vendor\cakephp\cakephp\src\Routing\Middleware\RoutingMiddleware.php, line 124
Cake\Routing\Middleware\RoutingMiddleware::loadRoutes() E:\xampp_7.2\htdocs\openemis_core_v4\vendor\cakephp\cakephp\src\Routing\Middleware\RoutingMiddleware.php, line 95
Cake\Routing\Middleware\RoutingMiddleware::process() E:\xampp_7.2\htdocs\openemis_core_v4\vendor\cakephp\cakephp\src\Routing\Middleware\RoutingMiddleware.php, line 155
Cake\Http\Runner::handle() E:\xampp_7.2\htdocs\openemis_core_v4\vendor\cakephp\cakephp\src\Http\Runner.php, line 82
Cake\Routing\Middleware\AssetMiddleware::process() E:\xampp_7.2\htdocs\openemis_core_v4\vendor\cakephp\cakephp\src\Routing\Middleware\AssetMiddleware.php, line 77
Cake\Http\Runner::handle() E:\xampp_7.2\htdocs\openemis_core_v4\vendor\cakephp\cakephp\src\Http\Runner.php, line 82
Cake\Error\Middleware\ErrorHandlerMiddleware::process() E:\xampp_7.2\htdocs\openemis_core_v4\vendor\cakephp\cakephp\src\Error\Middleware\ErrorHandlerMiddleware.php, line 131
Cake\Http\Runner::handle() E:\xampp_7.2\htdocs\openemis_core_v4\vendor\cakephp\cakephp\src\Http\Runner.php, line 82
Cake\Http\Runner::run() E:\xampp_7.2\htdocs\openemis_core_v4\vendor\cakephp\cakephp\src\Http\Runner.php, line 67
Cake\Http\Server::run() E:\xampp_7.2\htdocs\openemis_core_v4\vendor\cakephp\cakephp\src\Http\Server.php, line 90
[main] E:\xampp_7.2\htdocs\openemis_core_v4\webroot\index.php, line 40

2024-02-01 10:01:55 notice: `Router::connect()` is deprecated, use the non-static method `RouteBuilder::connect()` instead.
E:\xampp_7.2\htdocs\openemis_core_v4\plugins\Import\config\routes.php, line: 5
You can disable all deprecation warnings by setting `Error.errorLevel` to `E_ALL & ~E_USER_DEPRECATED`. Adding `plugins/Import/config/routes.php` to `Error.ignoredDeprecationPaths` in your `config/app.php` config will mute deprecations from that file only.
Request URL: /Directory/Directories/Directories/view/eyJpZCI6bnVsbH0.NzQxNDY3ODllMWMyMWE0NTFkNzVjNTU2NjdhZDY2MWRiNjY2MGZjY2I1YjExNzMwN2Y0NTY5MWQzMGU5ZDUyMA
Referer URL: https://localhost/openemis_core_v4/Directory/Directories/Directories/view/eyJpZCI6MTMxMX0.NTk3Y2Q3MWQ3YWFiNWM4MjI0MjMzZGVjNGY1YzM5MmE2YjZhYmI1MDQ0ZDBiODU2NDQ1MWY2NDU4M2E2Y2QxMA
Client IP: 127.0.0.1
Trace:
deprecationWarning E:\xampp_7.2\htdocs\openemis_core_v4\vendor\cakephp\cakephp\src\Core\functions.php, line 328
Cake\Routing\Router::connect() E:\xampp_7.2\htdocs\openemis_core_v4\vendor\cakephp\cakephp\src\Routing\Router.php, line 214
Cake\Core\BasePlugin::{closure}() E:\xampp_7.2\htdocs\openemis_core_v4\plugins\Import\config\routes.php, line 5
Cake\Routing\RouteBuilder::scope() E:\xampp_7.2\htdocs\openemis_core_v4\vendor\cakephp\cakephp\src\Routing\RouteBuilder.php, line 946
Cake\Routing\Router::scope() E:\xampp_7.2\htdocs\openemis_core_v4\vendor\cakephp\cakephp\src\Routing\Router.php, line 857
require E:\xampp_7.2\htdocs\openemis_core_v4\plugins\Import\config\routes.php, line 7
Cake\Core\BasePlugin::routes() E:\xampp_7.2\htdocs\openemis_core_v4\vendor\cakephp\cakephp\src\Core\BasePlugin.php, line 262
Cake\Http\BaseApplication::pluginRoutes() E:\xampp_7.2\htdocs\openemis_core_v4\vendor\cakephp\cakephp\src\Http\BaseApplication.php, line 211
Cake\Routing\Middleware\RoutingMiddleware::prepareRouteCollection() E:\xampp_7.2\htdocs\openemis_core_v4\vendor\cakephp\cakephp\src\Routing\Middleware\RoutingMiddleware.php, line 137
Cake\Routing\Middleware\RoutingMiddleware::buildRouteCollection() E:\xampp_7.2\htdocs\openemis_core_v4\vendor\cakephp\cakephp\src\Routing\Middleware\RoutingMiddleware.php, line 124
Cake\Routing\Middleware\RoutingMiddleware::loadRoutes() E:\xampp_7.2\htdocs\openemis_core_v4\vendor\cakephp\cakephp\src\Routing\Middleware\RoutingMiddleware.php, line 95
Cake\Routing\Middleware\RoutingMiddleware::process() E:\xampp_7.2\htdocs\openemis_core_v4\vendor\cakephp\cakephp\src\Routing\Middleware\RoutingMiddleware.php, line 155
Cake\Http\Runner::handle() E:\xampp_7.2\htdocs\openemis_core_v4\vendor\cakephp\cakephp\src\Http\Runner.php, line 82
Cake\Routing\Middleware\AssetMiddleware::process() E:\xampp_7.2\htdocs\openemis_core_v4\vendor\cakephp\cakephp\src\Routing\Middleware\AssetMiddleware.php, line 77
Cake\Http\Runner::handle() E:\xampp_7.2\htdocs\openemis_core_v4\vendor\cakephp\cakephp\src\Http\Runner.php, line 82
Cake\Error\Middleware\ErrorHandlerMiddleware::process() E:\xampp_7.2\htdocs\openemis_core_v4\vendor\cakephp\cakephp\src\Error\Middleware\ErrorHandlerMiddleware.php, line 131
Cake\Http\Runner::handle() E:\xampp_7.2\htdocs\openemis_core_v4\vendor\cakephp\cakephp\src\Http\Runner.php, line 82
Cake\Http\Runner::run() E:\xampp_7.2\htdocs\openemis_core_v4\vendor\cakephp\cakephp\src\Http\Runner.php, line 67
Cake\Http\Server::run() E:\xampp_7.2\htdocs\openemis_core_v4\vendor\cakephp\cakephp\src\Http\Server.php, line 90
[main] E:\xampp_7.2\htdocs\openemis_core_v4\webroot\index.php, line 40

2024-02-01 10:01:55 notice: `Router::connect()` is deprecated, use the non-static method `RouteBuilder::connect()` instead.
E:\xampp_7.2\htdocs\openemis_core_v4\plugins\Import\config\routes.php, line: 6
You can disable all deprecation warnings by setting `Error.errorLevel` to `E_ALL & ~E_USER_DEPRECATED`. Adding `plugins/Import/config/routes.php` to `Error.ignoredDeprecationPaths` in your `config/app.php` config will mute deprecations from that file only.
Request URL: /Directory/Directories/Directories/view/eyJpZCI6bnVsbH0.NzQxNDY3ODllMWMyMWE0NTFkNzVjNTU2NjdhZDY2MWRiNjY2MGZjY2I1YjExNzMwN2Y0NTY5MWQzMGU5ZDUyMA
Referer URL: https://localhost/openemis_core_v4/Directory/Directories/Directories/view/eyJpZCI6MTMxMX0.NTk3Y2Q3MWQ3YWFiNWM4MjI0MjMzZGVjNGY1YzM5MmE2YjZhYmI1MDQ0ZDBiODU2NDQ1MWY2NDU4M2E2Y2QxMA
Client IP: 127.0.0.1
Trace:
deprecationWarning E:\xampp_7.2\htdocs\openemis_core_v4\vendor\cakephp\cakephp\src\Core\functions.php, line 328
Cake\Routing\Router::connect() E:\xampp_7.2\htdocs\openemis_core_v4\vendor\cakephp\cakephp\src\Routing\Router.php, line 214
Cake\Core\BasePlugin::{closure}() E:\xampp_7.2\htdocs\openemis_core_v4\plugins\Import\config\routes.php, line 6
Cake\Routing\RouteBuilder::scope() E:\xampp_7.2\htdocs\openemis_core_v4\vendor\cakephp\cakephp\src\Routing\RouteBuilder.php, line 946
Cake\Routing\Router::scope() E:\xampp_7.2\htdocs\openemis_core_v4\vendor\cakephp\cakephp\src\Routing\Router.php, line 857
require E:\xampp_7.2\htdocs\openemis_core_v4\plugins\Import\config\routes.php, line 7
Cake\Core\BasePlugin::routes() E:\xampp_7.2\htdocs\openemis_core_v4\vendor\cakephp\cakephp\src\Core\BasePlugin.php, line 262
Cake\Http\BaseApplication::pluginRoutes() E:\xampp_7.2\htdocs\openemis_core_v4\vendor\cakephp\cakephp\src\Http\BaseApplication.php, line 211
Cake\Routing\Middleware\RoutingMiddleware::prepareRouteCollection() E:\xampp_7.2\htdocs\openemis_core_v4\vendor\cakephp\cakephp\src\Routing\Middleware\RoutingMiddleware.php, line 137
Cake\Routing\Middleware\RoutingMiddleware::buildRouteCollection() E:\xampp_7.2\htdocs\openemis_core_v4\vendor\cakephp\cakephp\src\Routing\Middleware\RoutingMiddleware.php, line 124
Cake\Routing\Middleware\RoutingMiddleware::loadRoutes() E:\xampp_7.2\htdocs\openemis_core_v4\vendor\cakephp\cakephp\src\Routing\Middleware\RoutingMiddleware.php, line 95
Cake\Routing\Middleware\RoutingMiddleware::process() E:\xampp_7.2\htdocs\openemis_core_v4\vendor\cakephp\cakephp\src\Routing\Middleware\RoutingMiddleware.php, line 155
Cake\Http\Runner::handle() E:\xampp_7.2\htdocs\openemis_core_v4\vendor\cakephp\cakephp\src\Http\Runner.php, line 82
Cake\Routing\Middleware\AssetMiddleware::process() E:\xampp_7.2\htdocs\openemis_core_v4\vendor\cakephp\cakephp\src\Routing\Middleware\AssetMiddleware.php, line 77
Cake\Http\Runner::handle() E:\xampp_7.2\htdocs\openemis_core_v4\vendor\cakephp\cakephp\src\Http\Runner.php, line 82
Cake\Error\Middleware\ErrorHandlerMiddleware::process() E:\xampp_7.2\htdocs\openemis_core_v4\vendor\cakephp\cakephp\src\Error\Middleware\ErrorHandlerMiddleware.php, line 131
Cake\Http\Runner::handle() E:\xampp_7.2\htdocs\openemis_core_v4\vendor\cakephp\cakephp\src\Http\Runner.php, line 82
Cake\Http\Runner::run() E:\xampp_7.2\htdocs\openemis_core_v4\vendor\cakephp\cakephp\src\Http\Runner.php, line 67
Cake\Http\Server::run() E:\xampp_7.2\htdocs\openemis_core_v4\vendor\cakephp\cakephp\src\Http\Server.php, line 90
[main] E:\xampp_7.2\htdocs\openemis_core_v4\webroot\index.php, line 40

2024-02-01 10:01:55 notice: `Router::scope()` is deprecated, use the non-static method `RouteBuilder::scope()` instead.
E:\xampp_7.2\htdocs\openemis_core_v4\plugins\API\config\routes.php, line: 7
You can disable all deprecation warnings by setting `Error.errorLevel` to `E_ALL & ~E_USER_DEPRECATED`. Adding `plugins/API/config/routes.php` to `Error.ignoredDeprecationPaths` in your `config/app.php` config will mute deprecations from that file only.
Request URL: /Directory/Directories/Directories/view/eyJpZCI6bnVsbH0.NzQxNDY3ODllMWMyMWE0NTFkNzVjNTU2NjdhZDY2MWRiNjY2MGZjY2I1YjExNzMwN2Y0NTY5MWQzMGU5ZDUyMA
Referer URL: https://localhost/openemis_core_v4/Directory/Directories/Directories/view/eyJpZCI6MTMxMX0.NTk3Y2Q3MWQ3YWFiNWM4MjI0MjMzZGVjNGY1YzM5MmE2YjZhYmI1MDQ0ZDBiODU2NDQ1MWY2NDU4M2E2Y2QxMA
Client IP: 127.0.0.1
Trace:
deprecationWarning E:\xampp_7.2\htdocs\openemis_core_v4\vendor\cakephp\cakephp\src\Core\functions.php, line 328
Cake\Routing\Router::scope() E:\xampp_7.2\htdocs\openemis_core_v4\vendor\cakephp\cakephp\src\Routing\Router.php, line 848
require E:\xampp_7.2\htdocs\openemis_core_v4\plugins\API\config\routes.php, line 7
Cake\Core\BasePlugin::routes() E:\xampp_7.2\htdocs\openemis_core_v4\vendor\cakephp\cakephp\src\Core\BasePlugin.php, line 262
Cake\Http\BaseApplication::pluginRoutes() E:\xampp_7.2\htdocs\openemis_core_v4\vendor\cakephp\cakephp\src\Http\BaseApplication.php, line 211
Cake\Routing\Middleware\RoutingMiddleware::prepareRouteCollection() E:\xampp_7.2\htdocs\openemis_core_v4\vendor\cakephp\cakephp\src\Routing\Middleware\RoutingMiddleware.php, line 137
Cake\Routing\Middleware\RoutingMiddleware::buildRouteCollection() E:\xampp_7.2\htdocs\openemis_core_v4\vendor\cakephp\cakephp\src\Routing\Middleware\RoutingMiddleware.php, line 124
Cake\Routing\Middleware\RoutingMiddleware::loadRoutes() E:\xampp_7.2\htdocs\openemis_core_v4\vendor\cakephp\cakephp\src\Routing\Middleware\RoutingMiddleware.php, line 95
Cake\Routing\Middleware\RoutingMiddleware::process() E:\xampp_7.2\htdocs\openemis_core_v4\vendor\cakephp\cakephp\src\Routing\Middleware\RoutingMiddleware.php, line 155
Cake\Http\Runner::handle() E:\xampp_7.2\htdocs\openemis_core_v4\vendor\cakephp\cakephp\src\Http\Runner.php, line 82
Cake\Routing\Middleware\AssetMiddleware::process() E:\xampp_7.2\htdocs\openemis_core_v4\vendor\cakephp\cakephp\src\Routing\Middleware\AssetMiddleware.php, line 77
Cake\Http\Runner::handle() E:\xampp_7.2\htdocs\openemis_core_v4\vendor\cakephp\cakephp\src\Http\Runner.php, line 82
Cake\Error\Middleware\ErrorHandlerMiddleware::process() E:\xampp_7.2\htdocs\openemis_core_v4\vendor\cakephp\cakephp\src\Error\Middleware\ErrorHandlerMiddleware.php, line 131
Cake\Http\Runner::handle() E:\xampp_7.2\htdocs\openemis_core_v4\vendor\cakephp\cakephp\src\Http\Runner.php, line 82
Cake\Http\Runner::run() E:\xampp_7.2\htdocs\openemis_core_v4\vendor\cakephp\cakephp\src\Http\Runner.php, line 67
Cake\Http\Server::run() E:\xampp_7.2\htdocs\openemis_core_v4\vendor\cakephp\cakephp\src\Http\Server.php, line 90
[main] E:\xampp_7.2\htdocs\openemis_core_v4\webroot\index.php, line 40

2024-02-01 10:01:55 notice: `Router::connect()` is deprecated, use the non-static method `RouteBuilder::connect()` instead.
E:\xampp_7.2\htdocs\openemis_core_v4\plugins\API\config\routes.php, line: 5
You can disable all deprecation warnings by setting `Error.errorLevel` to `E_ALL & ~E_USER_DEPRECATED`. Adding `plugins/API/config/routes.php` to `Error.ignoredDeprecationPaths` in your `config/app.php` config will mute deprecations from that file only.
Request URL: /Directory/Directories/Directories/view/eyJpZCI6bnVsbH0.NzQxNDY3ODllMWMyMWE0NTFkNzVjNTU2NjdhZDY2MWRiNjY2MGZjY2I1YjExNzMwN2Y0NTY5MWQzMGU5ZDUyMA
Referer URL: https://localhost/openemis_core_v4/Directory/Directories/Directories/view/eyJpZCI6MTMxMX0.NTk3Y2Q3MWQ3YWFiNWM4MjI0MjMzZGVjNGY1YzM5MmE2YjZhYmI1MDQ0ZDBiODU2NDQ1MWY2NDU4M2E2Y2QxMA
Client IP: 127.0.0.1
Trace:
deprecationWarning E:\xampp_7.2\htdocs\openemis_core_v4\vendor\cakephp\cakephp\src\Core\functions.php, line 328
Cake\Routing\Router::connect() E:\xampp_7.2\htdocs\openemis_core_v4\vendor\cakephp\cakephp\src\Routing\Router.php, line 214
Cake\Core\BasePlugin::{closure}() E:\xampp_7.2\htdocs\openemis_core_v4\plugins\API\config\routes.php, line 5
Cake\Routing\RouteBuilder::scope() E:\xampp_7.2\htdocs\openemis_core_v4\vendor\cakephp\cakephp\src\Routing\RouteBuilder.php, line 946
Cake\Routing\Router::scope() E:\xampp_7.2\htdocs\openemis_core_v4\vendor\cakephp\cakephp\src\Routing\Router.php, line 857
require E:\xampp_7.2\htdocs\openemis_core_v4\plugins\API\config\routes.php, line 7
Cake\Core\BasePlugin::routes() E:\xampp_7.2\htdocs\openemis_core_v4\vendor\cakephp\cakephp\src\Core\BasePlugin.php, line 262
Cake\Http\BaseApplication::pluginRoutes() E:\xampp_7.2\htdocs\openemis_core_v4\vendor\cakephp\cakephp\src\Http\BaseApplication.php, line 211
Cake\Routing\Middleware\RoutingMiddleware::prepareRouteCollection() E:\xampp_7.2\htdocs\openemis_core_v4\vendor\cakephp\cakephp\src\Routing\Middleware\RoutingMiddleware.php, line 137
Cake\Routing\Middleware\RoutingMiddleware::buildRouteCollection() E:\xampp_7.2\htdocs\openemis_core_v4\vendor\cakephp\cakephp\src\Routing\Middleware\RoutingMiddleware.php, line 124
Cake\Routing\Middleware\RoutingMiddleware::loadRoutes() E:\xampp_7.2\htdocs\openemis_core_v4\vendor\cakephp\cakephp\src\Routing\Middleware\RoutingMiddleware.php, line 95
Cake\Routing\Middleware\RoutingMiddleware::process() E:\xampp_7.2\htdocs\openemis_core_v4\vendor\cakephp\cakephp\src\Routing\Middleware\RoutingMiddleware.php, line 155
Cake\Http\Runner::handle() E:\xampp_7.2\htdocs\openemis_core_v4\vendor\cakephp\cakephp\src\Http\Runner.php, line 82
Cake\Routing\Middleware\AssetMiddleware::process() E:\xampp_7.2\htdocs\openemis_core_v4\vendor\cakephp\cakephp\src\Routing\Middleware\AssetMiddleware.php, line 77
Cake\Http\Runner::handle() E:\xampp_7.2\htdocs\openemis_core_v4\vendor\cakephp\cakephp\src\Http\Runner.php, line 82
Cake\Error\Middleware\ErrorHandlerMiddleware::process() E:\xampp_7.2\htdocs\openemis_core_v4\vendor\cakephp\cakephp\src\Error\Middleware\ErrorHandlerMiddleware.php, line 131
Cake\Http\Runner::handle() E:\xampp_7.2\htdocs\openemis_core_v4\vendor\cakephp\cakephp\src\Http\Runner.php, line 82
Cake\Http\Runner::run() E:\xampp_7.2\htdocs\openemis_core_v4\vendor\cakephp\cakephp\src\Http\Runner.php, line 67
Cake\Http\Server::run() E:\xampp_7.2\htdocs\openemis_core_v4\vendor\cakephp\cakephp\src\Http\Server.php, line 90
[main] E:\xampp_7.2\htdocs\openemis_core_v4\webroot\index.php, line 40

2024-02-01 10:01:55 notice: `Router::connect()` is deprecated, use the non-static method `RouteBuilder::connect()` instead.
E:\xampp_7.2\htdocs\openemis_core_v4\plugins\API\config\routes.php, line: 6
You can disable all deprecation warnings by setting `Error.errorLevel` to `E_ALL & ~E_USER_DEPRECATED`. Adding `plugins/API/config/routes.php` to `Error.ignoredDeprecationPaths` in your `config/app.php` config will mute deprecations from that file only.
Request URL: /Directory/Directories/Directories/view/eyJpZCI6bnVsbH0.NzQxNDY3ODllMWMyMWE0NTFkNzVjNTU2NjdhZDY2MWRiNjY2MGZjY2I1YjExNzMwN2Y0NTY5MWQzMGU5ZDUyMA
Referer URL: https://localhost/openemis_core_v4/Directory/Directories/Directories/view/eyJpZCI6MTMxMX0.NTk3Y2Q3MWQ3YWFiNWM4MjI0MjMzZGVjNGY1YzM5MmE2YjZhYmI1MDQ0ZDBiODU2NDQ1MWY2NDU4M2E2Y2QxMA
Client IP: 127.0.0.1
Trace:
deprecationWarning E:\xampp_7.2\htdocs\openemis_core_v4\vendor\cakephp\cakephp\src\Core\functions.php, line 328
Cake\Routing\Router::connect() E:\xampp_7.2\htdocs\openemis_core_v4\vendor\cakephp\cakephp\src\Routing\Router.php, line 214
Cake\Core\BasePlugin::{closure}() E:\xampp_7.2\htdocs\openemis_core_v4\plugins\API\config\routes.php, line 6
Cake\Routing\RouteBuilder::scope() E:\xampp_7.2\htdocs\openemis_core_v4\vendor\cakephp\cakephp\src\Routing\RouteBuilder.php, line 946
Cake\Routing\Router::scope() E:\xampp_7.2\htdocs\openemis_core_v4\vendor\cakephp\cakephp\src\Routing\Router.php, line 857
require E:\xampp_7.2\htdocs\openemis_core_v4\plugins\API\config\routes.php, line 7
Cake\Core\BasePlugin::routes() E:\xampp_7.2\htdocs\openemis_core_v4\vendor\cakephp\cakephp\src\Core\BasePlugin.php, line 262
Cake\Http\BaseApplication::pluginRoutes() E:\xampp_7.2\htdocs\openemis_core_v4\vendor\cakephp\cakephp\src\Http\BaseApplication.php, line 211
Cake\Routing\Middleware\RoutingMiddleware::prepareRouteCollection() E:\xampp_7.2\htdocs\openemis_core_v4\vendor\cakephp\cakephp\src\Routing\Middleware\RoutingMiddleware.php, line 137
Cake\Routing\Middleware\RoutingMiddleware::buildRouteCollection() E:\xampp_7.2\htdocs\openemis_core_v4\vendor\cakephp\cakephp\src\Routing\Middleware\RoutingMiddleware.php, line 124
Cake\Routing\Middleware\RoutingMiddleware::loadRoutes() E:\xampp_7.2\htdocs\openemis_core_v4\vendor\cakephp\cakephp\src\Routing\Middleware\RoutingMiddleware.php, line 95
Cake\Routing\Middleware\RoutingMiddleware::process() E:\xampp_7.2\htdocs\openemis_core_v4\vendor\cakephp\cakephp\src\Routing\Middleware\RoutingMiddleware.php, line 155
Cake\Http\Runner::handle() E:\xampp_7.2\htdocs\openemis_core_v4\vendor\cakephp\cakephp\src\Http\Runner.php, line 82
Cake\Routing\Middleware\AssetMiddleware::process() E:\xampp_7.2\htdocs\openemis_core_v4\vendor\cakephp\cakephp\src\Routing\Middleware\AssetMiddleware.php, line 77
Cake\Http\Runner::handle() E:\xampp_7.2\htdocs\openemis_core_v4\vendor\cakephp\cakephp\src\Http\Runner.php, line 82
Cake\Error\Middleware\ErrorHandlerMiddleware::process() E:\xampp_7.2\htdocs\openemis_core_v4\vendor\cakephp\cakephp\src\Error\Middleware\ErrorHandlerMiddleware.php, line 131
Cake\Http\Runner::handle() E:\xampp_7.2\htdocs\openemis_core_v4\vendor\cakephp\cakephp\src\Http\Runner.php, line 82
Cake\Http\Runner::run() E:\xampp_7.2\htdocs\openemis_core_v4\vendor\cakephp\cakephp\src\Http\Runner.php, line 67
Cake\Http\Server::run() E:\xampp_7.2\htdocs\openemis_core_v4\vendor\cakephp\cakephp\src\Http\Server.php, line 90
[main] E:\xampp_7.2\htdocs\openemis_core_v4\webroot\index.php, line 40

2024-02-01 10:01:55 notice: `Router::scope()` is deprecated, use the non-static method `RouteBuilder::scope()` instead.
E:\xampp_7.2\htdocs\openemis_core_v4\plugins\Log\config\routes.php, line: 7
You can disable all deprecation warnings by setting `Error.errorLevel` to `E_ALL & ~E_USER_DEPRECATED`. Adding `plugins/Log/config/routes.php` to `Error.ignoredDeprecationPaths` in your `config/app.php` config will mute deprecations from that file only.
Request URL: /Directory/Directories/Directories/view/eyJpZCI6bnVsbH0.NzQxNDY3ODllMWMyMWE0NTFkNzVjNTU2NjdhZDY2MWRiNjY2MGZjY2I1YjExNzMwN2Y0NTY5MWQzMGU5ZDUyMA
Referer URL: https://localhost/openemis_core_v4/Directory/Directories/Directories/view/eyJpZCI6MTMxMX0.NTk3Y2Q3MWQ3YWFiNWM4MjI0MjMzZGVjNGY1YzM5MmE2YjZhYmI1MDQ0ZDBiODU2NDQ1MWY2NDU4M2E2Y2QxMA
Client IP: 127.0.0.1
Trace:
deprecationWarning E:\xampp_7.2\htdocs\openemis_core_v4\vendor\cakephp\cakephp\src\Core\functions.php, line 328
Cake\Routing\Router::scope() E:\xampp_7.2\htdocs\openemis_core_v4\vendor\cakephp\cakephp\src\Routing\Router.php, line 848
require E:\xampp_7.2\htdocs\openemis_core_v4\plugins\Log\config\routes.php, line 7
Cake\Core\BasePlugin::routes() E:\xampp_7.2\htdocs\openemis_core_v4\vendor\cakephp\cakephp\src\Core\BasePlugin.php, line 262
Cake\Http\BaseApplication::pluginRoutes() E:\xampp_7.2\htdocs\openemis_core_v4\vendor\cakephp\cakephp\src\Http\BaseApplication.php, line 211
Cake\Routing\Middleware\RoutingMiddleware::prepareRouteCollection() E:\xampp_7.2\htdocs\openemis_core_v4\vendor\cakephp\cakephp\src\Routing\Middleware\RoutingMiddleware.php, line 137
Cake\Routing\Middleware\RoutingMiddleware::buildRouteCollection() E:\xampp_7.2\htdocs\openemis_core_v4\vendor\cakephp\cakephp\src\Routing\Middleware\RoutingMiddleware.php, line 124
Cake\Routing\Middleware\RoutingMiddleware::loadRoutes() E:\xampp_7.2\htdocs\openemis_core_v4\vendor\cakephp\cakephp\src\Routing\Middleware\RoutingMiddleware.php, line 95
Cake\Routing\Middleware\RoutingMiddleware::process() E:\xampp_7.2\htdocs\openemis_core_v4\vendor\cakephp\cakephp\src\Routing\Middleware\RoutingMiddleware.php, line 155
Cake\Http\Runner::handle() E:\xampp_7.2\htdocs\openemis_core_v4\vendor\cakephp\cakephp\src\Http\Runner.php, line 82
Cake\Routing\Middleware\AssetMiddleware::process() E:\xampp_7.2\htdocs\openemis_core_v4\vendor\cakephp\cakephp\src\Routing\Middleware\AssetMiddleware.php, line 77
Cake\Http\Runner::handle() E:\xampp_7.2\htdocs\openemis_core_v4\vendor\cakephp\cakephp\src\Http\Runner.php, line 82
Cake\Error\Middleware\ErrorHandlerMiddleware::process() E:\xampp_7.2\htdocs\openemis_core_v4\vendor\cakephp\cakephp\src\Error\Middleware\ErrorHandlerMiddleware.php, line 131
Cake\Http\Runner::handle() E:\xampp_7.2\htdocs\openemis_core_v4\vendor\cakephp\cakephp\src\Http\Runner.php, line 82
Cake\Http\Runner::run() E:\xampp_7.2\htdocs\openemis_core_v4\vendor\cakephp\cakephp\src\Http\Runner.php, line 67
Cake\Http\Server::run() E:\xampp_7.2\htdocs\openemis_core_v4\vendor\cakephp\cakephp\src\Http\Server.php, line 90
[main] E:\xampp_7.2\htdocs\openemis_core_v4\webroot\index.php, line 40

2024-02-01 10:01:55 notice: `Router::connect()` is deprecated, use the non-static method `RouteBuilder::connect()` instead.
E:\xampp_7.2\htdocs\openemis_core_v4\plugins\Log\config\routes.php, line: 5
You can disable all deprecation warnings by setting `Error.errorLevel` to `E_ALL & ~E_USER_DEPRECATED`. Adding `plugins/Log/config/routes.php` to `Error.ignoredDeprecationPaths` in your `config/app.php` config will mute deprecations from that file only.
Request URL: /Directory/Directories/Directories/view/eyJpZCI6bnVsbH0.NzQxNDY3ODllMWMyMWE0NTFkNzVjNTU2NjdhZDY2MWRiNjY2MGZjY2I1YjExNzMwN2Y0NTY5MWQzMGU5ZDUyMA
Referer URL: https://localhost/openemis_core_v4/Directory/Directories/Directories/view/eyJpZCI6MTMxMX0.NTk3Y2Q3MWQ3YWFiNWM4MjI0MjMzZGVjNGY1YzM5MmE2YjZhYmI1MDQ0ZDBiODU2NDQ1MWY2NDU4M2E2Y2QxMA
Client IP: 127.0.0.1
Trace:
deprecationWarning E:\xampp_7.2\htdocs\openemis_core_v4\vendor\cakephp\cakephp\src\Core\functions.php, line 328
Cake\Routing\Router::connect() E:\xampp_7.2\htdocs\openemis_core_v4\vendor\cakephp\cakephp\src\Routing\Router.php, line 214
Cake\Core\BasePlugin::{closure}() E:\xampp_7.2\htdocs\openemis_core_v4\plugins\Log\config\routes.php, line 5
Cake\Routing\RouteBuilder::scope() E:\xampp_7.2\htdocs\openemis_core_v4\vendor\cakephp\cakephp\src\Routing\RouteBuilder.php, line 946
Cake\Routing\Router::scope() E:\xampp_7.2\htdocs\openemis_core_v4\vendor\cakephp\cakephp\src\Routing\Router.php, line 857
require E:\xampp_7.2\htdocs\openemis_core_v4\plugins\Log\config\routes.php, line 7
Cake\Core\BasePlugin::routes() E:\xampp_7.2\htdocs\openemis_core_v4\vendor\cakephp\cakephp\src\Core\BasePlugin.php, line 262
Cake\Http\BaseApplication::pluginRoutes() E:\xampp_7.2\htdocs\openemis_core_v4\vendor\cakephp\cakephp\src\Http\BaseApplication.php, line 211
Cake\Routing\Middleware\RoutingMiddleware::prepareRouteCollection() E:\xampp_7.2\htdocs\openemis_core_v4\vendor\cakephp\cakephp\src\Routing\Middleware\RoutingMiddleware.php, line 137
Cake\Routing\Middleware\RoutingMiddleware::buildRouteCollection() E:\xampp_7.2\htdocs\openemis_core_v4\vendor\cakephp\cakephp\src\Routing\Middleware\RoutingMiddleware.php, line 124
Cake\Routing\Middleware\RoutingMiddleware::loadRoutes() E:\xampp_7.2\htdocs\openemis_core_v4\vendor\cakephp\cakephp\src\Routing\Middleware\RoutingMiddleware.php, line 95
Cake\Routing\Middleware\RoutingMiddleware::process() E:\xampp_7.2\htdocs\openemis_core_v4\vendor\cakephp\cakephp\src\Routing\Middleware\RoutingMiddleware.php, line 155
Cake\Http\Runner::handle() E:\xampp_7.2\htdocs\openemis_core_v4\vendor\cakephp\cakephp\src\Http\Runner.php, line 82
Cake\Routing\Middleware\AssetMiddleware::process() E:\xampp_7.2\htdocs\openemis_core_v4\vendor\cakephp\cakephp\src\Routing\Middleware\AssetMiddleware.php, line 77
Cake\Http\Runner::handle() E:\xampp_7.2\htdocs\openemis_core_v4\vendor\cakephp\cakephp\src\Http\Runner.php, line 82
Cake\Error\Middleware\ErrorHandlerMiddleware::process() E:\xampp_7.2\htdocs\openemis_core_v4\vendor\cakephp\cakephp\src\Error\Middleware\ErrorHandlerMiddleware.php, line 131
Cake\Http\Runner::handle() E:\xampp_7.2\htdocs\openemis_core_v4\vendor\cakephp\cakephp\src\Http\Runner.php, line 82
Cake\Http\Runner::run() E:\xampp_7.2\htdocs\openemis_core_v4\vendor\cakephp\cakephp\src\Http\Runner.php, line 67
Cake\Http\Server::run() E:\xampp_7.2\htdocs\openemis_core_v4\vendor\cakephp\cakephp\src\Http\Server.php, line 90
[main] E:\xampp_7.2\htdocs\openemis_core_v4\webroot\index.php, line 40

2024-02-01 10:01:55 notice: `Router::connect()` is deprecated, use the non-static method `RouteBuilder::connect()` instead.
E:\xampp_7.2\htdocs\openemis_core_v4\plugins\Log\config\routes.php, line: 6
You can disable all deprecation warnings by setting `Error.errorLevel` to `E_ALL & ~E_USER_DEPRECATED`. Adding `plugins/Log/config/routes.php` to `Error.ignoredDeprecationPaths` in your `config/app.php` config will mute deprecations from that file only.
Request URL: /Directory/Directories/Directories/view/eyJpZCI6bnVsbH0.NzQxNDY3ODllMWMyMWE0NTFkNzVjNTU2NjdhZDY2MWRiNjY2MGZjY2I1YjExNzMwN2Y0NTY5MWQzMGU5ZDUyMA
Referer URL: https://localhost/openemis_core_v4/Directory/Directories/Directories/view/eyJpZCI6MTMxMX0.NTk3Y2Q3MWQ3YWFiNWM4MjI0MjMzZGVjNGY1YzM5MmE2YjZhYmI1MDQ0ZDBiODU2NDQ1MWY2NDU4M2E2Y2QxMA
Client IP: 127.0.0.1
Trace:
deprecationWarning E:\xampp_7.2\htdocs\openemis_core_v4\vendor\cakephp\cakephp\src\Core\functions.php, line 328
Cake\Routing\Router::connect() E:\xampp_7.2\htdocs\openemis_core_v4\vendor\cakephp\cakephp\src\Routing\Router.php, line 214
Cake\Core\BasePlugin::{closure}() E:\xampp_7.2\htdocs\openemis_core_v4\plugins\Log\config\routes.php, line 6
Cake\Routing\RouteBuilder::scope() E:\xampp_7.2\htdocs\openemis_core_v4\vendor\cakephp\cakephp\src\Routing\RouteBuilder.php, line 946
Cake\Routing\Router::scope() E:\xampp_7.2\htdocs\openemis_core_v4\vendor\cakephp\cakephp\src\Routing\Router.php, line 857
require E:\xampp_7.2\htdocs\openemis_core_v4\plugins\Log\config\routes.php, line 7
Cake\Core\BasePlugin::routes() E:\xampp_7.2\htdocs\openemis_core_v4\vendor\cakephp\cakephp\src\Core\BasePlugin.php, line 262
Cake\Http\BaseApplication::pluginRoutes() E:\xampp_7.2\htdocs\openemis_core_v4\vendor\cakephp\cakephp\src\Http\BaseApplication.php, line 211
Cake\Routing\Middleware\RoutingMiddleware::prepareRouteCollection() E:\xampp_7.2\htdocs\openemis_core_v4\vendor\cakephp\cakephp\src\Routing\Middleware\RoutingMiddleware.php, line 137
Cake\Routing\Middleware\RoutingMiddleware::buildRouteCollection() E:\xampp_7.2\htdocs\openemis_core_v4\vendor\cakephp\cakephp\src\Routing\Middleware\RoutingMiddleware.php, line 124
Cake\Routing\Middleware\RoutingMiddleware::loadRoutes() E:\xampp_7.2\htdocs\openemis_core_v4\vendor\cakephp\cakephp\src\Routing\Middleware\RoutingMiddleware.php, line 95
Cake\Routing\Middleware\RoutingMiddleware::process() E:\xampp_7.2\htdocs\openemis_core_v4\vendor\cakephp\cakephp\src\Routing\Middleware\RoutingMiddleware.php, line 155
Cake\Http\Runner::handle() E:\xampp_7.2\htdocs\openemis_core_v4\vendor\cakephp\cakephp\src\Http\Runner.php, line 82
Cake\Routing\Middleware\AssetMiddleware::process() E:\xampp_7.2\htdocs\openemis_core_v4\vendor\cakephp\cakephp\src\Routing\Middleware\AssetMiddleware.php, line 77
Cake\Http\Runner::handle() E:\xampp_7.2\htdocs\openemis_core_v4\vendor\cakephp\cakephp\src\Http\Runner.php, line 82
Cake\Error\Middleware\ErrorHandlerMiddleware::process() E:\xampp_7.2\htdocs\openemis_core_v4\vendor\cakephp\cakephp\src\Error\Middleware\ErrorHandlerMiddleware.php, line 131
Cake\Http\Runner::handle() E:\xampp_7.2\htdocs\openemis_core_v4\vendor\cakephp\cakephp\src\Http\Runner.php, line 82
Cake\Http\Runner::run() E:\xampp_7.2\htdocs\openemis_core_v4\vendor\cakephp\cakephp\src\Http\Runner.php, line 67
Cake\Http\Server::run() E:\xampp_7.2\htdocs\openemis_core_v4\vendor\cakephp\cakephp\src\Http\Server.php, line 90
[main] E:\xampp_7.2\htdocs\openemis_core_v4\webroot\index.php, line 40

2024-02-01 10:01:55 notice: `Router::scope()` is deprecated, use the non-static method `RouteBuilder::scope()` instead.
E:\xampp_7.2\htdocs\openemis_core_v4\plugins\Training\config\routes.php, line: 27
You can disable all deprecation warnings by setting `Error.errorLevel` to `E_ALL & ~E_USER_DEPRECATED`. Adding `plugins/Training/config/routes.php` to `Error.ignoredDeprecationPaths` in your `config/app.php` config will mute deprecations from that file only.
Request URL: /Directory/Directories/Directories/view/eyJpZCI6bnVsbH0.NzQxNDY3ODllMWMyMWE0NTFkNzVjNTU2NjdhZDY2MWRiNjY2MGZjY2I1YjExNzMwN2Y0NTY5MWQzMGU5ZDUyMA
Referer URL: https://localhost/openemis_core_v4/Directory/Directories/Directories/view/eyJpZCI6MTMxMX0.NTk3Y2Q3MWQ3YWFiNWM4MjI0MjMzZGVjNGY1YzM5MmE2YjZhYmI1MDQ0ZDBiODU2NDQ1MWY2NDU4M2E2Y2QxMA
Client IP: 127.0.0.1
Trace:
deprecationWarning E:\xampp_7.2\htdocs\openemis_core_v4\vendor\cakephp\cakephp\src\Core\functions.php, line 328
Cake\Routing\Router::scope() E:\xampp_7.2\htdocs\openemis_core_v4\vendor\cakephp\cakephp\src\Routing\Router.php, line 848
require E:\xampp_7.2\htdocs\openemis_core_v4\plugins\Training\config\routes.php, line 27
Cake\Core\BasePlugin::routes() E:\xampp_7.2\htdocs\openemis_core_v4\vendor\cakephp\cakephp\src\Core\BasePlugin.php, line 262
Cake\Http\BaseApplication::pluginRoutes() E:\xampp_7.2\htdocs\openemis_core_v4\vendor\cakephp\cakephp\src\Http\BaseApplication.php, line 211
Cake\Routing\Middleware\RoutingMiddleware::prepareRouteCollection() E:\xampp_7.2\htdocs\openemis_core_v4\vendor\cakephp\cakephp\src\Routing\Middleware\RoutingMiddleware.php, line 137
Cake\Routing\Middleware\RoutingMiddleware::buildRouteCollection() E:\xampp_7.2\htdocs\openemis_core_v4\vendor\cakephp\cakephp\src\Routing\Middleware\RoutingMiddleware.php, line 124
Cake\Routing\Middleware\RoutingMiddleware::loadRoutes() E:\xampp_7.2\htdocs\openemis_core_v4\vendor\cakephp\cakephp\src\Routing\Middleware\RoutingMiddleware.php, line 95
Cake\Routing\Middleware\RoutingMiddleware::process() E:\xampp_7.2\htdocs\openemis_core_v4\vendor\cakephp\cakephp\src\Routing\Middleware\RoutingMiddleware.php, line 155
Cake\Http\Runner::handle() E:\xampp_7.2\htdocs\openemis_core_v4\vendor\cakephp\cakephp\src\Http\Runner.php, line 82
Cake\Routing\Middleware\AssetMiddleware::process() E:\xampp_7.2\htdocs\openemis_core_v4\vendor\cakephp\cakephp\src\Routing\Middleware\AssetMiddleware.php, line 77
Cake\Http\Runner::handle() E:\xampp_7.2\htdocs\openemis_core_v4\vendor\cakephp\cakephp\src\Http\Runner.php, line 82
Cake\Error\Middleware\ErrorHandlerMiddleware::process() E:\xampp_7.2\htdocs\openemis_core_v4\vendor\cakephp\cakephp\src\Error\Middleware\ErrorHandlerMiddleware.php, line 131
Cake\Http\Runner::handle() E:\xampp_7.2\htdocs\openemis_core_v4\vendor\cakephp\cakephp\src\Http\Runner.php, line 82
Cake\Http\Runner::run() E:\xampp_7.2\htdocs\openemis_core_v4\vendor\cakephp\cakephp\src\Http\Runner.php, line 67
Cake\Http\Server::run() E:\xampp_7.2\htdocs\openemis_core_v4\vendor\cakephp\cakephp\src\Http\Server.php, line 90
[main] E:\xampp_7.2\htdocs\openemis_core_v4\webroot\index.php, line 40

2024-02-01 10:01:55 notice: `Router::scope()` is deprecated, use the non-static method `RouteBuilder::scope()` instead.
E:\xampp_7.2\htdocs\openemis_core_v4\plugins\Map\config\routes.php, line: 7
You can disable all deprecation warnings by setting `Error.errorLevel` to `E_ALL & ~E_USER_DEPRECATED`. Adding `plugins/Map/config/routes.php` to `Error.ignoredDeprecationPaths` in your `config/app.php` config will mute deprecations from that file only.
Request URL: /Directory/Directories/Directories/view/eyJpZCI6bnVsbH0.NzQxNDY3ODllMWMyMWE0NTFkNzVjNTU2NjdhZDY2MWRiNjY2MGZjY2I1YjExNzMwN2Y0NTY5MWQzMGU5ZDUyMA
Referer URL: https://localhost/openemis_core_v4/Directory/Directories/Directories/view/eyJpZCI6MTMxMX0.NTk3Y2Q3MWQ3YWFiNWM4MjI0MjMzZGVjNGY1YzM5MmE2YjZhYmI1MDQ0ZDBiODU2NDQ1MWY2NDU4M2E2Y2QxMA
Client IP: 127.0.0.1
Trace:
deprecationWarning E:\xampp_7.2\htdocs\openemis_core_v4\vendor\cakephp\cakephp\src\Core\functions.php, line 328
Cake\Routing\Router::scope() E:\xampp_7.2\htdocs\openemis_core_v4\vendor\cakephp\cakephp\src\Routing\Router.php, line 848
require E:\xampp_7.2\htdocs\openemis_core_v4\plugins\Map\config\routes.php, line 7
Cake\Core\BasePlugin::routes() E:\xampp_7.2\htdocs\openemis_core_v4\vendor\cakephp\cakephp\src\Core\BasePlugin.php, line 262
Cake\Http\BaseApplication::pluginRoutes() E:\xampp_7.2\htdocs\openemis_core_v4\vendor\cakephp\cakephp\src\Http\BaseApplication.php, line 211
Cake\Routing\Middleware\RoutingMiddleware::prepareRouteCollection() E:\xampp_7.2\htdocs\openemis_core_v4\vendor\cakephp\cakephp\src\Routing\Middleware\RoutingMiddleware.php, line 137
Cake\Routing\Middleware\RoutingMiddleware::buildRouteCollection() E:\xampp_7.2\htdocs\openemis_core_v4\vendor\cakephp\cakephp\src\Routing\Middleware\RoutingMiddleware.php, line 124
Cake\Routing\Middleware\RoutingMiddleware::loadRoutes() E:\xampp_7.2\htdocs\openemis_core_v4\vendor\cakephp\cakephp\src\Routing\Middleware\RoutingMiddleware.php, line 95
Cake\Routing\Middleware\RoutingMiddleware::process() E:\xampp_7.2\htdocs\openemis_core_v4\vendor\cakephp\cakephp\src\Routing\Middleware\RoutingMiddleware.php, line 155
Cake\Http\Runner::handle() E:\xampp_7.2\htdocs\openemis_core_v4\vendor\cakephp\cakephp\src\Http\Runner.php, line 82
Cake\Routing\Middleware\AssetMiddleware::process() E:\xampp_7.2\htdocs\openemis_core_v4\vendor\cakephp\cakephp\src\Routing\Middleware\AssetMiddleware.php, line 77
Cake\Http\Runner::handle() E:\xampp_7.2\htdocs\openemis_core_v4\vendor\cakephp\cakephp\src\Http\Runner.php, line 82
Cake\Error\Middleware\ErrorHandlerMiddleware::process() E:\xampp_7.2\htdocs\openemis_core_v4\vendor\cakephp\cakephp\src\Error\Middleware\ErrorHandlerMiddleware.php, line 131
Cake\Http\Runner::handle() E:\xampp_7.2\htdocs\openemis_core_v4\vendor\cakephp\cakephp\src\Http\Runner.php, line 82
Cake\Http\Runner::run() E:\xampp_7.2\htdocs\openemis_core_v4\vendor\cakephp\cakephp\src\Http\Runner.php, line 67
Cake\Http\Server::run() E:\xampp_7.2\htdocs\openemis_core_v4\vendor\cakephp\cakephp\src\Http\Server.php, line 90
[main] E:\xampp_7.2\htdocs\openemis_core_v4\webroot\index.php, line 40

2024-02-01 10:01:55 notice: `Router::connect()` is deprecated, use the non-static method `RouteBuilder::connect()` instead.
E:\xampp_7.2\htdocs\openemis_core_v4\plugins\Map\config\routes.php, line: 5
You can disable all deprecation warnings by setting `Error.errorLevel` to `E_ALL & ~E_USER_DEPRECATED`. Adding `plugins/Map/config/routes.php` to `Error.ignoredDeprecationPaths` in your `config/app.php` config will mute deprecations from that file only.
Request URL: /Directory/Directories/Directories/view/eyJpZCI6bnVsbH0.NzQxNDY3ODllMWMyMWE0NTFkNzVjNTU2NjdhZDY2MWRiNjY2MGZjY2I1YjExNzMwN2Y0NTY5MWQzMGU5ZDUyMA
Referer URL: https://localhost/openemis_core_v4/Directory/Directories/Directories/view/eyJpZCI6MTMxMX0.NTk3Y2Q3MWQ3YWFiNWM4MjI0MjMzZGVjNGY1YzM5MmE2YjZhYmI1MDQ0ZDBiODU2NDQ1MWY2NDU4M2E2Y2QxMA
Client IP: 127.0.0.1
Trace:
deprecationWarning E:\xampp_7.2\htdocs\openemis_core_v4\vendor\cakephp\cakephp\src\Core\functions.php, line 328
Cake\Routing\Router::connect() E:\xampp_7.2\htdocs\openemis_core_v4\vendor\cakephp\cakephp\src\Routing\Router.php, line 214
Cake\Core\BasePlugin::{closure}() E:\xampp_7.2\htdocs\openemis_core_v4\plugins\Map\config\routes.php, line 5
Cake\Routing\RouteBuilder::scope() E:\xampp_7.2\htdocs\openemis_core_v4\vendor\cakephp\cakephp\src\Routing\RouteBuilder.php, line 946
Cake\Routing\Router::scope() E:\xampp_7.2\htdocs\openemis_core_v4\vendor\cakephp\cakephp\src\Routing\Router.php, line 857
require E:\xampp_7.2\htdocs\openemis_core_v4\plugins\Map\config\routes.php, line 7
Cake\Core\BasePlugin::routes() E:\xampp_7.2\htdocs\openemis_core_v4\vendor\cakephp\cakephp\src\Core\BasePlugin.php, line 262
Cake\Http\BaseApplication::pluginRoutes() E:\xampp_7.2\htdocs\openemis_core_v4\vendor\cakephp\cakephp\src\Http\BaseApplication.php, line 211
Cake\Routing\Middleware\RoutingMiddleware::prepareRouteCollection() E:\xampp_7.2\htdocs\openemis_core_v4\vendor\cakephp\cakephp\src\Routing\Middleware\RoutingMiddleware.php, line 137
Cake\Routing\Middleware\RoutingMiddleware::buildRouteCollection() E:\xampp_7.2\htdocs\openemis_core_v4\vendor\cakephp\cakephp\src\Routing\Middleware\RoutingMiddleware.php, line 124
Cake\Routing\Middleware\RoutingMiddleware::loadRoutes() E:\xampp_7.2\htdocs\openemis_core_v4\vendor\cakephp\cakephp\src\Routing\Middleware\RoutingMiddleware.php, line 95
Cake\Routing\Middleware\RoutingMiddleware::process() E:\xampp_7.2\htdocs\openemis_core_v4\vendor\cakephp\cakephp\src\Routing\Middleware\RoutingMiddleware.php, line 155
Cake\Http\Runner::handle() E:\xampp_7.2\htdocs\openemis_core_v4\vendor\cakephp\cakephp\src\Http\Runner.php, line 82
Cake\Routing\Middleware\AssetMiddleware::process() E:\xampp_7.2\htdocs\openemis_core_v4\vendor\cakephp\cakephp\src\Routing\Middleware\AssetMiddleware.php, line 77
Cake\Http\Runner::handle() E:\xampp_7.2\htdocs\openemis_core_v4\vendor\cakephp\cakephp\src\Http\Runner.php, line 82
Cake\Error\Middleware\ErrorHandlerMiddleware::process() E:\xampp_7.2\htdocs\openemis_core_v4\vendor\cakephp\cakephp\src\Error\Middleware\ErrorHandlerMiddleware.php, line 131
Cake\Http\Runner::handle() E:\xampp_7.2\htdocs\openemis_core_v4\vendor\cakephp\cakephp\src\Http\Runner.php, line 82
Cake\Http\Runner::run() E:\xampp_7.2\htdocs\openemis_core_v4\vendor\cakephp\cakephp\src\Http\Runner.php, line 67
Cake\Http\Server::run() E:\xampp_7.2\htdocs\openemis_core_v4\vendor\cakephp\cakephp\src\Http\Server.php, line 90
[main] E:\xampp_7.2\htdocs\openemis_core_v4\webroot\index.php, line 40

2024-02-01 10:01:55 notice: `Router::connect()` is deprecated, use the non-static method `RouteBuilder::connect()` instead.
E:\xampp_7.2\htdocs\openemis_core_v4\plugins\Map\config\routes.php, line: 6
You can disable all deprecation warnings by setting `Error.errorLevel` to `E_ALL & ~E_USER_DEPRECATED`. Adding `plugins/Map/config/routes.php` to `Error.ignoredDeprecationPaths` in your `config/app.php` config will mute deprecations from that file only.
Request URL: /Directory/Directories/Directories/view/eyJpZCI6bnVsbH0.NzQxNDY3ODllMWMyMWE0NTFkNzVjNTU2NjdhZDY2MWRiNjY2MGZjY2I1YjExNzMwN2Y0NTY5MWQzMGU5ZDUyMA
Referer URL: https://localhost/openemis_core_v4/Directory/Directories/Directories/view/eyJpZCI6MTMxMX0.NTk3Y2Q3MWQ3YWFiNWM4MjI0MjMzZGVjNGY1YzM5MmE2YjZhYmI1MDQ0ZDBiODU2NDQ1MWY2NDU4M2E2Y2QxMA
Client IP: 127.0.0.1
Trace:
deprecationWarning E:\xampp_7.2\htdocs\openemis_core_v4\vendor\cakephp\cakephp\src\Core\functions.php, line 328
Cake\Routing\Router::connect() E:\xampp_7.2\htdocs\openemis_core_v4\vendor\cakephp\cakephp\src\Routing\Router.php, line 214
Cake\Core\BasePlugin::{closure}() E:\xampp_7.2\htdocs\openemis_core_v4\plugins\Map\config\routes.php, line 6
Cake\Routing\RouteBuilder::scope() E:\xampp_7.2\htdocs\openemis_core_v4\vendor\cakephp\cakephp\src\Routing\RouteBuilder.php, line 946
Cake\Routing\Router::scope() E:\xampp_7.2\htdocs\openemis_core_v4\vendor\cakephp\cakephp\src\Routing\Router.php, line 857
require E:\xampp_7.2\htdocs\openemis_core_v4\plugins\Map\config\routes.php, line 7
Cake\Core\BasePlugin::routes() E:\xampp_7.2\htdocs\openemis_core_v4\vendor\cakephp\cakephp\src\Core\BasePlugin.php, line 262
Cake\Http\BaseApplication::pluginRoutes() E:\xampp_7.2\htdocs\openemis_core_v4\vendor\cakephp\cakephp\src\Http\BaseApplication.php, line 211
Cake\Routing\Middleware\RoutingMiddleware::prepareRouteCollection() E:\xampp_7.2\htdocs\openemis_core_v4\vendor\cakephp\cakephp\src\Routing\Middleware\RoutingMiddleware.php, line 137
Cake\Routing\Middleware\RoutingMiddleware::buildRouteCollection() E:\xampp_7.2\htdocs\openemis_core_v4\vendor\cakephp\cakephp\src\Routing\Middleware\RoutingMiddleware.php, line 124
Cake\Routing\Middleware\RoutingMiddleware::loadRoutes() E:\xampp_7.2\htdocs\openemis_core_v4\vendor\cakephp\cakephp\src\Routing\Middleware\RoutingMiddleware.php, line 95
Cake\Routing\Middleware\RoutingMiddleware::process() E:\xampp_7.2\htdocs\openemis_core_v4\vendor\cakephp\cakephp\src\Routing\Middleware\RoutingMiddleware.php, line 155
Cake\Http\Runner::handle() E:\xampp_7.2\htdocs\openemis_core_v4\vendor\cakephp\cakephp\src\Http\Runner.php, line 82
Cake\Routing\Middleware\AssetMiddleware::process() E:\xampp_7.2\htdocs\openemis_core_v4\vendor\cakephp\cakephp\src\Routing\Middleware\AssetMiddleware.php, line 77
Cake\Http\Runner::handle() E:\xampp_7.2\htdocs\openemis_core_v4\vendor\cakephp\cakephp\src\Http\Runner.php, line 82
Cake\Error\Middleware\ErrorHandlerMiddleware::process() E:\xampp_7.2\htdocs\openemis_core_v4\vendor\cakephp\cakephp\src\Error\Middleware\ErrorHandlerMiddleware.php, line 131
Cake\Http\Runner::handle() E:\xampp_7.2\htdocs\openemis_core_v4\vendor\cakephp\cakephp\src\Http\Runner.php, line 82
Cake\Http\Runner::run() E:\xampp_7.2\htdocs\openemis_core_v4\vendor\cakephp\cakephp\src\Http\Runner.php, line 67
Cake\Http\Server::run() E:\xampp_7.2\htdocs\openemis_core_v4\vendor\cakephp\cakephp\src\Http\Server.php, line 90
[main] E:\xampp_7.2\htdocs\openemis_core_v4\webroot\index.php, line 40

2024-02-01 10:01:55 notice: `Router::scope()` is deprecated, use the non-static method `RouteBuilder::scope()` instead.
E:\xampp_7.2\htdocs\openemis_core_v4\plugins\Health\config\routes.php, line: 7
You can disable all deprecation warnings by setting `Error.errorLevel` to `E_ALL & ~E_USER_DEPRECATED`. Adding `plugins/Health/config/routes.php` to `Error.ignoredDeprecationPaths` in your `config/app.php` config will mute deprecations from that file only.
Request URL: /Directory/Directories/Directories/view/eyJpZCI6bnVsbH0.NzQxNDY3ODllMWMyMWE0NTFkNzVjNTU2NjdhZDY2MWRiNjY2MGZjY2I1YjExNzMwN2Y0NTY5MWQzMGU5ZDUyMA
Referer URL: https://localhost/openemis_core_v4/Directory/Directories/Directories/view/eyJpZCI6MTMxMX0.NTk3Y2Q3MWQ3YWFiNWM4MjI0MjMzZGVjNGY1YzM5MmE2YjZhYmI1MDQ0ZDBiODU2NDQ1MWY2NDU4M2E2Y2QxMA
Client IP: 127.0.0.1
Trace:
deprecationWarning E:\xampp_7.2\htdocs\openemis_core_v4\vendor\cakephp\cakephp\src\Core\functions.php, line 328
Cake\Routing\Router::scope() E:\xampp_7.2\htdocs\openemis_core_v4\vendor\cakephp\cakephp\src\Routing\Router.php, line 848
require E:\xampp_7.2\htdocs\openemis_core_v4\plugins\Health\config\routes.php, line 7
Cake\Core\BasePlugin::routes() E:\xampp_7.2\htdocs\openemis_core_v4\vendor\cakephp\cakephp\src\Core\BasePlugin.php, line 262
Cake\Http\BaseApplication::pluginRoutes() E:\xampp_7.2\htdocs\openemis_core_v4\vendor\cakephp\cakephp\src\Http\BaseApplication.php, line 211
Cake\Routing\Middleware\RoutingMiddleware::prepareRouteCollection() E:\xampp_7.2\htdocs\openemis_core_v4\vendor\cakephp\cakephp\src\Routing\Middleware\RoutingMiddleware.php, line 137
Cake\Routing\Middleware\RoutingMiddleware::buildRouteCollection() E:\xampp_7.2\htdocs\openemis_core_v4\vendor\cakephp\cakephp\src\Routing\Middleware\RoutingMiddleware.php, line 124
Cake\Routing\Middleware\RoutingMiddleware::loadRoutes() E:\xampp_7.2\htdocs\openemis_core_v4\vendor\cakephp\cakephp\src\Routing\Middleware\RoutingMiddleware.php, line 95
Cake\Routing\Middleware\RoutingMiddleware::process() E:\xampp_7.2\htdocs\openemis_core_v4\vendor\cakephp\cakephp\src\Routing\Middleware\RoutingMiddleware.php, line 155
Cake\Http\Runner::handle() E:\xampp_7.2\htdocs\openemis_core_v4\vendor\cakephp\cakephp\src\Http\Runner.php, line 82
Cake\Routing\Middleware\AssetMiddleware::process() E:\xampp_7.2\htdocs\openemis_core_v4\vendor\cakephp\cakephp\src\Routing\Middleware\AssetMiddleware.php, line 77
Cake\Http\Runner::handle() E:\xampp_7.2\htdocs\openemis_core_v4\vendor\cakephp\cakephp\src\Http\Runner.php, line 82
Cake\Error\Middleware\ErrorHandlerMiddleware::process() E:\xampp_7.2\htdocs\openemis_core_v4\vendor\cakephp\cakephp\src\Error\Middleware\ErrorHandlerMiddleware.php, line 131
Cake\Http\Runner::handle() E:\xampp_7.2\htdocs\openemis_core_v4\vendor\cakephp\cakephp\src\Http\Runner.php, line 82
Cake\Http\Runner::run() E:\xampp_7.2\htdocs\openemis_core_v4\vendor\cakephp\cakephp\src\Http\Runner.php, line 67
Cake\Http\Server::run() E:\xampp_7.2\htdocs\openemis_core_v4\vendor\cakephp\cakephp\src\Http\Server.php, line 90
[main] E:\xampp_7.2\htdocs\openemis_core_v4\webroot\index.php, line 40

2024-02-01 10:01:55 notice: `Router::connect()` is deprecated, use the non-static method `RouteBuilder::connect()` instead.
E:\xampp_7.2\htdocs\openemis_core_v4\plugins\Health\config\routes.php, line: 5
You can disable all deprecation warnings by setting `Error.errorLevel` to `E_ALL & ~E_USER_DEPRECATED`. Adding `plugins/Health/config/routes.php` to `Error.ignoredDeprecationPaths` in your `config/app.php` config will mute deprecations from that file only.
Request URL: /Directory/Directories/Directories/view/eyJpZCI6bnVsbH0.NzQxNDY3ODllMWMyMWE0NTFkNzVjNTU2NjdhZDY2MWRiNjY2MGZjY2I1YjExNzMwN2Y0NTY5MWQzMGU5ZDUyMA
Referer URL: https://localhost/openemis_core_v4/Directory/Directories/Directories/view/eyJpZCI6MTMxMX0.NTk3Y2Q3MWQ3YWFiNWM4MjI0MjMzZGVjNGY1YzM5MmE2YjZhYmI1MDQ0ZDBiODU2NDQ1MWY2NDU4M2E2Y2QxMA
Client IP: 127.0.0.1
Trace:
deprecationWarning E:\xampp_7.2\htdocs\openemis_core_v4\vendor\cakephp\cakephp\src\Core\functions.php, line 328
Cake\Routing\Router::connect() E:\xampp_7.2\htdocs\openemis_core_v4\vendor\cakephp\cakephp\src\Routing\Router.php, line 214
Cake\Core\BasePlugin::{closure}() E:\xampp_7.2\htdocs\openemis_core_v4\plugins\Health\config\routes.php, line 5
Cake\Routing\RouteBuilder::scope() E:\xampp_7.2\htdocs\openemis_core_v4\vendor\cakephp\cakephp\src\Routing\RouteBuilder.php, line 946
Cake\Routing\Router::scope() E:\xampp_7.2\htdocs\openemis_core_v4\vendor\cakephp\cakephp\src\Routing\Router.php, line 857
require E:\xampp_7.2\htdocs\openemis_core_v4\plugins\Health\config\routes.php, line 7
Cake\Core\BasePlugin::routes() E:\xampp_7.2\htdocs\openemis_core_v4\vendor\cakephp\cakephp\src\Core\BasePlugin.php, line 262
Cake\Http\BaseApplication::pluginRoutes() E:\xampp_7.2\htdocs\openemis_core_v4\vendor\cakephp\cakephp\src\Http\BaseApplication.php, line 211
Cake\Routing\Middleware\RoutingMiddleware::prepareRouteCollection() E:\xampp_7.2\htdocs\openemis_core_v4\vendor\cakephp\cakephp\src\Routing\Middleware\RoutingMiddleware.php, line 137
Cake\Routing\Middleware\RoutingMiddleware::buildRouteCollection() E:\xampp_7.2\htdocs\openemis_core_v4\vendor\cakephp\cakephp\src\Routing\Middleware\RoutingMiddleware.php, line 124
Cake\Routing\Middleware\RoutingMiddleware::loadRoutes() E:\xampp_7.2\htdocs\openemis_core_v4\vendor\cakephp\cakephp\src\Routing\Middleware\RoutingMiddleware.php, line 95
Cake\Routing\Middleware\RoutingMiddleware::process() E:\xampp_7.2\htdocs\openemis_core_v4\vendor\cakephp\cakephp\src\Routing\Middleware\RoutingMiddleware.php, line 155
Cake\Http\Runner::handle() E:\xampp_7.2\htdocs\openemis_core_v4\vendor\cakephp\cakephp\src\Http\Runner.php, line 82
Cake\Routing\Middleware\AssetMiddleware::process() E:\xampp_7.2\htdocs\openemis_core_v4\vendor\cakephp\cakephp\src\Routing\Middleware\AssetMiddleware.php, line 77
Cake\Http\Runner::handle() E:\xampp_7.2\htdocs\openemis_core_v4\vendor\cakephp\cakephp\src\Http\Runner.php, line 82
Cake\Error\Middleware\ErrorHandlerMiddleware::process() E:\xampp_7.2\htdocs\openemis_core_v4\vendor\cakephp\cakephp\src\Error\Middleware\ErrorHandlerMiddleware.php, line 131
Cake\Http\Runner::handle() E:\xampp_7.2\htdocs\openemis_core_v4\vendor\cakephp\cakephp\src\Http\Runner.php, line 82
Cake\Http\Runner::run() E:\xampp_7.2\htdocs\openemis_core_v4\vendor\cakephp\cakephp\src\Http\Runner.php, line 67
Cake\Http\Server::run() E:\xampp_7.2\htdocs\openemis_core_v4\vendor\cakephp\cakephp\src\Http\Server.php, line 90
[main] E:\xampp_7.2\htdocs\openemis_core_v4\webroot\index.php, line 40

2024-02-01 10:01:55 notice: `Router::connect()` is deprecated, use the non-static method `RouteBuilder::connect()` instead.
E:\xampp_7.2\htdocs\openemis_core_v4\plugins\Health\config\routes.php, line: 6
You can disable all deprecation warnings by setting `Error.errorLevel` to `E_ALL & ~E_USER_DEPRECATED`. Adding `plugins/Health/config/routes.php` to `Error.ignoredDeprecationPaths` in your `config/app.php` config will mute deprecations from that file only.
Request URL: /Directory/Directories/Directories/view/eyJpZCI6bnVsbH0.NzQxNDY3ODllMWMyMWE0NTFkNzVjNTU2NjdhZDY2MWRiNjY2MGZjY2I1YjExNzMwN2Y0NTY5MWQzMGU5ZDUyMA
Referer URL: https://localhost/openemis_core_v4/Directory/Directories/Directories/view/eyJpZCI6MTMxMX0.NTk3Y2Q3MWQ3YWFiNWM4MjI0MjMzZGVjNGY1YzM5MmE2YjZhYmI1MDQ0ZDBiODU2NDQ1MWY2NDU4M2E2Y2QxMA
Client IP: 127.0.0.1
Trace:
deprecationWarning E:\xampp_7.2\htdocs\openemis_core_v4\vendor\cakephp\cakephp\src\Core\functions.php, line 328
Cake\Routing\Router::connect() E:\xampp_7.2\htdocs\openemis_core_v4\vendor\cakephp\cakephp\src\Routing\Router.php, line 214
Cake\Core\BasePlugin::{closure}() E:\xampp_7.2\htdocs\openemis_core_v4\plugins\Health\config\routes.php, line 6
Cake\Routing\RouteBuilder::scope() E:\xampp_7.2\htdocs\openemis_core_v4\vendor\cakephp\cakephp\src\Routing\RouteBuilder.php, line 946
Cake\Routing\Router::scope() E:\xampp_7.2\htdocs\openemis_core_v4\vendor\cakephp\cakephp\src\Routing\Router.php, line 857
require E:\xampp_7.2\htdocs\openemis_core_v4\plugins\Health\config\routes.php, line 7
Cake\Core\BasePlugin::routes() E:\xampp_7.2\htdocs\openemis_core_v4\vendor\cakephp\cakephp\src\Core\BasePlugin.php, line 262
Cake\Http\BaseApplication::pluginRoutes() E:\xampp_7.2\htdocs\openemis_core_v4\vendor\cakephp\cakephp\src\Http\BaseApplication.php, line 211
Cake\Routing\Middleware\RoutingMiddleware::prepareRouteCollection() E:\xampp_7.2\htdocs\openemis_core_v4\vendor\cakephp\cakephp\src\Routing\Middleware\RoutingMiddleware.php, line 137
Cake\Routing\Middleware\RoutingMiddleware::buildRouteCollection() E:\xampp_7.2\htdocs\openemis_core_v4\vendor\cakephp\cakephp\src\Routing\Middleware\RoutingMiddleware.php, line 124
Cake\Routing\Middleware\RoutingMiddleware::loadRoutes() E:\xampp_7.2\htdocs\openemis_core_v4\vendor\cakephp\cakephp\src\Routing\Middleware\RoutingMiddleware.php, line 95
Cake\Routing\Middleware\RoutingMiddleware::process() E:\xampp_7.2\htdocs\openemis_core_v4\vendor\cakephp\cakephp\src\Routing\Middleware\RoutingMiddleware.php, line 155
Cake\Http\Runner::handle() E:\xampp_7.2\htdocs\openemis_core_v4\vendor\cakephp\cakephp\src\Http\Runner.php, line 82
Cake\Routing\Middleware\AssetMiddleware::process() E:\xampp_7.2\htdocs\openemis_core_v4\vendor\cakephp\cakephp\src\Routing\Middleware\AssetMiddleware.php, line 77
Cake\Http\Runner::handle() E:\xampp_7.2\htdocs\openemis_core_v4\vendor\cakephp\cakephp\src\Http\Runner.php, line 82
Cake\Error\Middleware\ErrorHandlerMiddleware::process() E:\xampp_7.2\htdocs\openemis_core_v4\vendor\cakephp\cakephp\src\Error\Middleware\ErrorHandlerMiddleware.php, line 131
Cake\Http\Runner::handle() E:\xampp_7.2\htdocs\openemis_core_v4\vendor\cakephp\cakephp\src\Http\Runner.php, line 82
Cake\Http\Runner::run() E:\xampp_7.2\htdocs\openemis_core_v4\vendor\cakephp\cakephp\src\Http\Runner.php, line 67
Cake\Http\Server::run() E:\xampp_7.2\htdocs\openemis_core_v4\vendor\cakephp\cakephp\src\Http\Server.php, line 90
[main] E:\xampp_7.2\htdocs\openemis_core_v4\webroot\index.php, line 40

2024-02-01 10:01:55 notice: `Router::scope()` is deprecated, use the non-static method `RouteBuilder::scope()` instead.
E:\xampp_7.2\htdocs\openemis_core_v4\plugins\Cache\config\routes.php, line: 8
You can disable all deprecation warnings by setting `Error.errorLevel` to `E_ALL & ~E_USER_DEPRECATED`. Adding `plugins/Cache/config/routes.php` to `Error.ignoredDeprecationPaths` in your `config/app.php` config will mute deprecations from that file only.
Request URL: /Directory/Directories/Directories/view/eyJpZCI6bnVsbH0.NzQxNDY3ODllMWMyMWE0NTFkNzVjNTU2NjdhZDY2MWRiNjY2MGZjY2I1YjExNzMwN2Y0NTY5MWQzMGU5ZDUyMA
Referer URL: https://localhost/openemis_core_v4/Directory/Directories/Directories/view/eyJpZCI6MTMxMX0.NTk3Y2Q3MWQ3YWFiNWM4MjI0MjMzZGVjNGY1YzM5MmE2YjZhYmI1MDQ0ZDBiODU2NDQ1MWY2NDU4M2E2Y2QxMA
Client IP: 127.0.0.1
Trace:
deprecationWarning E:\xampp_7.2\htdocs\openemis_core_v4\vendor\cakephp\cakephp\src\Core\functions.php, line 328
Cake\Routing\Router::scope() E:\xampp_7.2\htdocs\openemis_core_v4\vendor\cakephp\cakephp\src\Routing\Router.php, line 848
require E:\xampp_7.2\htdocs\openemis_core_v4\plugins\Cache\config\routes.php, line 8
Cake\Core\BasePlugin::routes() E:\xampp_7.2\htdocs\openemis_core_v4\vendor\cakephp\cakephp\src\Core\BasePlugin.php, line 262
Cake\Http\BaseApplication::pluginRoutes() E:\xampp_7.2\htdocs\openemis_core_v4\vendor\cakephp\cakephp\src\Http\BaseApplication.php, line 211
Cake\Routing\Middleware\RoutingMiddleware::prepareRouteCollection() E:\xampp_7.2\htdocs\openemis_core_v4\vendor\cakephp\cakephp\src\Routing\Middleware\RoutingMiddleware.php, line 137
Cake\Routing\Middleware\RoutingMiddleware::buildRouteCollection() E:\xampp_7.2\htdocs\openemis_core_v4\vendor\cakephp\cakephp\src\Routing\Middleware\RoutingMiddleware.php, line 124
Cake\Routing\Middleware\RoutingMiddleware::loadRoutes() E:\xampp_7.2\htdocs\openemis_core_v4\vendor\cakephp\cakephp\src\Routing\Middleware\RoutingMiddleware.php, line 95
Cake\Routing\Middleware\RoutingMiddleware::process() E:\xampp_7.2\htdocs\openemis_core_v4\vendor\cakephp\cakephp\src\Routing\Middleware\RoutingMiddleware.php, line 155
Cake\Http\Runner::handle() E:\xampp_7.2\htdocs\openemis_core_v4\vendor\cakephp\cakephp\src\Http\Runner.php, line 82
Cake\Routing\Middleware\AssetMiddleware::process() E:\xampp_7.2\htdocs\openemis_core_v4\vendor\cakephp\cakephp\src\Routing\Middleware\AssetMiddleware.php, line 77
Cake\Http\Runner::handle() E:\xampp_7.2\htdocs\openemis_core_v4\vendor\cakephp\cakephp\src\Http\Runner.php, line 82
Cake\Error\Middleware\ErrorHandlerMiddleware::process() E:\xampp_7.2\htdocs\openemis_core_v4\vendor\cakephp\cakephp\src\Error\Middleware\ErrorHandlerMiddleware.php, line 131
Cake\Http\Runner::handle() E:\xampp_7.2\htdocs\openemis_core_v4\vendor\cakephp\cakephp\src\Http\Runner.php, line 82
Cake\Http\Runner::run() E:\xampp_7.2\htdocs\openemis_core_v4\vendor\cakephp\cakephp\src\Http\Runner.php, line 67
Cake\Http\Server::run() E:\xampp_7.2\htdocs\openemis_core_v4\vendor\cakephp\cakephp\src\Http\Server.php, line 90
[main] E:\xampp_7.2\htdocs\openemis_core_v4\webroot\index.php, line 40

2024-02-01 10:01:55 notice: `Router::scope()` is deprecated, use the non-static method `RouteBuilder::scope()` instead.
E:\xampp_7.2\htdocs\openemis_core_v4\plugins\System\config\routes.php, line: 7
You can disable all deprecation warnings by setting `Error.errorLevel` to `E_ALL & ~E_USER_DEPRECATED`. Adding `plugins/System/config/routes.php` to `Error.ignoredDeprecationPaths` in your `config/app.php` config will mute deprecations from that file only.
Request URL: /Directory/Directories/Directories/view/eyJpZCI6bnVsbH0.NzQxNDY3ODllMWMyMWE0NTFkNzVjNTU2NjdhZDY2MWRiNjY2MGZjY2I1YjExNzMwN2Y0NTY5MWQzMGU5ZDUyMA
Referer URL: https://localhost/openemis_core_v4/Directory/Directories/Directories/view/eyJpZCI6MTMxMX0.NTk3Y2Q3MWQ3YWFiNWM4MjI0MjMzZGVjNGY1YzM5MmE2YjZhYmI1MDQ0ZDBiODU2NDQ1MWY2NDU4M2E2Y2QxMA
Client IP: 127.0.0.1
Trace:
deprecationWarning E:\xampp_7.2\htdocs\openemis_core_v4\vendor\cakephp\cakephp\src\Core\functions.php, line 328
Cake\Routing\Router::scope() E:\xampp_7.2\htdocs\openemis_core_v4\vendor\cakephp\cakephp\src\Routing\Router.php, line 848
require E:\xampp_7.2\htdocs\openemis_core_v4\plugins\System\config\routes.php, line 7
Cake\Core\BasePlugin::routes() E:\xampp_7.2\htdocs\openemis_core_v4\vendor\cakephp\cakephp\src\Core\BasePlugin.php, line 262
Cake\Http\BaseApplication::pluginRoutes() E:\xampp_7.2\htdocs\openemis_core_v4\vendor\cakephp\cakephp\src\Http\BaseApplication.php, line 211
Cake\Routing\Middleware\RoutingMiddleware::prepareRouteCollection() E:\xampp_7.2\htdocs\openemis_core_v4\vendor\cakephp\cakephp\src\Routing\Middleware\RoutingMiddleware.php, line 137
Cake\Routing\Middleware\RoutingMiddleware::buildRouteCollection() E:\xampp_7.2\htdocs\openemis_core_v4\vendor\cakephp\cakephp\src\Routing\Middleware\RoutingMiddleware.php, line 124
Cake\Routing\Middleware\RoutingMiddleware::loadRoutes() E:\xampp_7.2\htdocs\openemis_core_v4\vendor\cakephp\cakephp\src\Routing\Middleware\RoutingMiddleware.php, line 95
Cake\Routing\Middleware\RoutingMiddleware::process() E:\xampp_7.2\htdocs\openemis_core_v4\vendor\cakephp\cakephp\src\Routing\Middleware\RoutingMiddleware.php, line 155
Cake\Http\Runner::handle() E:\xampp_7.2\htdocs\openemis_core_v4\vendor\cakephp\cakephp\src\Http\Runner.php, line 82
Cake\Routing\Middleware\AssetMiddleware::process() E:\xampp_7.2\htdocs\openemis_core_v4\vendor\cakephp\cakephp\src\Routing\Middleware\AssetMiddleware.php, line 77
Cake\Http\Runner::handle() E:\xampp_7.2\htdocs\openemis_core_v4\vendor\cakephp\cakephp\src\Http\Runner.php, line 82
Cake\Error\Middleware\ErrorHandlerMiddleware::process() E:\xampp_7.2\htdocs\openemis_core_v4\vendor\cakephp\cakephp\src\Error\Middleware\ErrorHandlerMiddleware.php, line 131
Cake\Http\Runner::handle() E:\xampp_7.2\htdocs\openemis_core_v4\vendor\cakephp\cakephp\src\Http\Runner.php, line 82
Cake\Http\Runner::run() E:\xampp_7.2\htdocs\openemis_core_v4\vendor\cakephp\cakephp\src\Http\Runner.php, line 67
Cake\Http\Server::run() E:\xampp_7.2\htdocs\openemis_core_v4\vendor\cakephp\cakephp\src\Http\Server.php, line 90
[main] E:\xampp_7.2\htdocs\openemis_core_v4\webroot\index.php, line 40

2024-02-01 10:01:55 notice: `Router::connect()` is deprecated, use the non-static method `RouteBuilder::connect()` instead.
E:\xampp_7.2\htdocs\openemis_core_v4\plugins\System\config\routes.php, line: 5
You can disable all deprecation warnings by setting `Error.errorLevel` to `E_ALL & ~E_USER_DEPRECATED`. Adding `plugins/System/config/routes.php` to `Error.ignoredDeprecationPaths` in your `config/app.php` config will mute deprecations from that file only.
Request URL: /Directory/Directories/Directories/view/eyJpZCI6bnVsbH0.NzQxNDY3ODllMWMyMWE0NTFkNzVjNTU2NjdhZDY2MWRiNjY2MGZjY2I1YjExNzMwN2Y0NTY5MWQzMGU5ZDUyMA
Referer URL: https://localhost/openemis_core_v4/Directory/Directories/Directories/view/eyJpZCI6MTMxMX0.NTk3Y2Q3MWQ3YWFiNWM4MjI0MjMzZGVjNGY1YzM5MmE2YjZhYmI1MDQ0ZDBiODU2NDQ1MWY2NDU4M2E2Y2QxMA
Client IP: 127.0.0.1
Trace:
deprecationWarning E:\xampp_7.2\htdocs\openemis_core_v4\vendor\cakephp\cakephp\src\Core\functions.php, line 328
Cake\Routing\Router::connect() E:\xampp_7.2\htdocs\openemis_core_v4\vendor\cakephp\cakephp\src\Routing\Router.php, line 214
Cake\Core\BasePlugin::{closure}() E:\xampp_7.2\htdocs\openemis_core_v4\plugins\System\config\routes.php, line 5
Cake\Routing\RouteBuilder::scope() E:\xampp_7.2\htdocs\openemis_core_v4\vendor\cakephp\cakephp\src\Routing\RouteBuilder.php, line 946
Cake\Routing\Router::scope() E:\xampp_7.2\htdocs\openemis_core_v4\vendor\cakephp\cakephp\src\Routing\Router.php, line 857
require E:\xampp_7.2\htdocs\openemis_core_v4\plugins\System\config\routes.php, line 7
Cake\Core\BasePlugin::routes() E:\xampp_7.2\htdocs\openemis_core_v4\vendor\cakephp\cakephp\src\Core\BasePlugin.php, line 262
Cake\Http\BaseApplication::pluginRoutes() E:\xampp_7.2\htdocs\openemis_core_v4\vendor\cakephp\cakephp\src\Http\BaseApplication.php, line 211
Cake\Routing\Middleware\RoutingMiddleware::prepareRouteCollection() E:\xampp_7.2\htdocs\openemis_core_v4\vendor\cakephp\cakephp\src\Routing\Middleware\RoutingMiddleware.php, line 137
Cake\Routing\Middleware\RoutingMiddleware::buildRouteCollection() E:\xampp_7.2\htdocs\openemis_core_v4\vendor\cakephp\cakephp\src\Routing\Middleware\RoutingMiddleware.php, line 124
Cake\Routing\Middleware\RoutingMiddleware::loadRoutes() E:\xampp_7.2\htdocs\openemis_core_v4\vendor\cakephp\cakephp\src\Routing\Middleware\RoutingMiddleware.php, line 95
Cake\Routing\Middleware\RoutingMiddleware::process() E:\xampp_7.2\htdocs\openemis_core_v4\vendor\cakephp\cakephp\src\Routing\Middleware\RoutingMiddleware.php, line 155
Cake\Http\Runner::handle() E:\xampp_7.2\htdocs\openemis_core_v4\vendor\cakephp\cakephp\src\Http\Runner.php, line 82
Cake\Routing\Middleware\AssetMiddleware::process() E:\xampp_7.2\htdocs\openemis_core_v4\vendor\cakephp\cakephp\src\Routing\Middleware\AssetMiddleware.php, line 77
Cake\Http\Runner::handle() E:\xampp_7.2\htdocs\openemis_core_v4\vendor\cakephp\cakephp\src\Http\Runner.php, line 82
Cake\Error\Middleware\ErrorHandlerMiddleware::process() E:\xampp_7.2\htdocs\openemis_core_v4\vendor\cakephp\cakephp\src\Error\Middleware\ErrorHandlerMiddleware.php, line 131
Cake\Http\Runner::handle() E:\xampp_7.2\htdocs\openemis_core_v4\vendor\cakephp\cakephp\src\Http\Runner.php, line 82
Cake\Http\Runner::run() E:\xampp_7.2\htdocs\openemis_core_v4\vendor\cakephp\cakephp\src\Http\Runner.php, line 67
Cake\Http\Server::run() E:\xampp_7.2\htdocs\openemis_core_v4\vendor\cakephp\cakephp\src\Http\Server.php, line 90
[main] E:\xampp_7.2\htdocs\openemis_core_v4\webroot\index.php, line 40

2024-02-01 10:01:55 notice: `Router::connect()` is deprecated, use the non-static method `RouteBuilder::connect()` instead.
E:\xampp_7.2\htdocs\openemis_core_v4\plugins\System\config\routes.php, line: 6
You can disable all deprecation warnings by setting `Error.errorLevel` to `E_ALL & ~E_USER_DEPRECATED`. Adding `plugins/System/config/routes.php` to `Error.ignoredDeprecationPaths` in your `config/app.php` config will mute deprecations from that file only.
Request URL: /Directory/Directories/Directories/view/eyJpZCI6bnVsbH0.NzQxNDY3ODllMWMyMWE0NTFkNzVjNTU2NjdhZDY2MWRiNjY2MGZjY2I1YjExNzMwN2Y0NTY5MWQzMGU5ZDUyMA
Referer URL: https://localhost/openemis_core_v4/Directory/Directories/Directories/view/eyJpZCI6MTMxMX0.NTk3Y2Q3MWQ3YWFiNWM4MjI0MjMzZGVjNGY1YzM5MmE2YjZhYmI1MDQ0ZDBiODU2NDQ1MWY2NDU4M2E2Y2QxMA
Client IP: 127.0.0.1
Trace:
deprecationWarning E:\xampp_7.2\htdocs\openemis_core_v4\vendor\cakephp\cakephp\src\Core\functions.php, line 328
Cake\Routing\Router::connect() E:\xampp_7.2\htdocs\openemis_core_v4\vendor\cakephp\cakephp\src\Routing\Router.php, line 214
Cake\Core\BasePlugin::{closure}() E:\xampp_7.2\htdocs\openemis_core_v4\plugins\System\config\routes.php, line 6
Cake\Routing\RouteBuilder::scope() E:\xampp_7.2\htdocs\openemis_core_v4\vendor\cakephp\cakephp\src\Routing\RouteBuilder.php, line 946
Cake\Routing\Router::scope() E:\xampp_7.2\htdocs\openemis_core_v4\vendor\cakephp\cakephp\src\Routing\Router.php, line 857
require E:\xampp_7.2\htdocs\openemis_core_v4\plugins\System\config\routes.php, line 7
Cake\Core\BasePlugin::routes() E:\xampp_7.2\htdocs\openemis_core_v4\vendor\cakephp\cakephp\src\Core\BasePlugin.php, line 262
Cake\Http\BaseApplication::pluginRoutes() E:\xampp_7.2\htdocs\openemis_core_v4\vendor\cakephp\cakephp\src\Http\BaseApplication.php, line 211
Cake\Routing\Middleware\RoutingMiddleware::prepareRouteCollection() E:\xampp_7.2\htdocs\openemis_core_v4\vendor\cakephp\cakephp\src\Routing\Middleware\RoutingMiddleware.php, line 137
Cake\Routing\Middleware\RoutingMiddleware::buildRouteCollection() E:\xampp_7.2\htdocs\openemis_core_v4\vendor\cakephp\cakephp\src\Routing\Middleware\RoutingMiddleware.php, line 124
Cake\Routing\Middleware\RoutingMiddleware::loadRoutes() E:\xampp_7.2\htdocs\openemis_core_v4\vendor\cakephp\cakephp\src\Routing\Middleware\RoutingMiddleware.php, line 95
Cake\Routing\Middleware\RoutingMiddleware::process() E:\xampp_7.2\htdocs\openemis_core_v4\vendor\cakephp\cakephp\src\Routing\Middleware\RoutingMiddleware.php, line 155
Cake\Http\Runner::handle() E:\xampp_7.2\htdocs\openemis_core_v4\vendor\cakephp\cakephp\src\Http\Runner.php, line 82
Cake\Routing\Middleware\AssetMiddleware::process() E:\xampp_7.2\htdocs\openemis_core_v4\vendor\cakephp\cakephp\src\Routing\Middleware\AssetMiddleware.php, line 77
Cake\Http\Runner::handle() E:\xampp_7.2\htdocs\openemis_core_v4\vendor\cakephp\cakephp\src\Http\Runner.php, line 82
Cake\Error\Middleware\ErrorHandlerMiddleware::process() E:\xampp_7.2\htdocs\openemis_core_v4\vendor\cakephp\cakephp\src\Error\Middleware\ErrorHandlerMiddleware.php, line 131
Cake\Http\Runner::handle() E:\xampp_7.2\htdocs\openemis_core_v4\vendor\cakephp\cakephp\src\Http\Runner.php, line 82
Cake\Http\Runner::run() E:\xampp_7.2\htdocs\openemis_core_v4\vendor\cakephp\cakephp\src\Http\Runner.php, line 67
Cake\Http\Server::run() E:\xampp_7.2\htdocs\openemis_core_v4\vendor\cakephp\cakephp\src\Http\Server.php, line 90
[main] E:\xampp_7.2\htdocs\openemis_core_v4\webroot\index.php, line 40

2024-02-01 10:01:55 notice: `Router::scope()` is deprecated, use the non-static method `RouteBuilder::scope()` instead.
E:\xampp_7.2\htdocs\openemis_core_v4\plugins\InstitutionRepeater\config\routes.php, line: 7
You can disable all deprecation warnings by setting `Error.errorLevel` to `E_ALL & ~E_USER_DEPRECATED`. Adding `plugins/InstitutionRepeater/config/routes.php` to `Error.ignoredDeprecationPaths` in your `config/app.php` config will mute deprecations from that file only.
Request URL: /Directory/Directories/Directories/view/eyJpZCI6bnVsbH0.NzQxNDY3ODllMWMyMWE0NTFkNzVjNTU2NjdhZDY2MWRiNjY2MGZjY2I1YjExNzMwN2Y0NTY5MWQzMGU5ZDUyMA
Referer URL: https://localhost/openemis_core_v4/Directory/Directories/Directories/view/eyJpZCI6MTMxMX0.NTk3Y2Q3MWQ3YWFiNWM4MjI0MjMzZGVjNGY1YzM5MmE2YjZhYmI1MDQ0ZDBiODU2NDQ1MWY2NDU4M2E2Y2QxMA
Client IP: 127.0.0.1
Trace:
deprecationWarning E:\xampp_7.2\htdocs\openemis_core_v4\vendor\cakephp\cakephp\src\Core\functions.php, line 328
Cake\Routing\Router::scope() E:\xampp_7.2\htdocs\openemis_core_v4\vendor\cakephp\cakephp\src\Routing\Router.php, line 848
require E:\xampp_7.2\htdocs\openemis_core_v4\plugins\InstitutionRepeater\config\routes.php, line 7
Cake\Core\BasePlugin::routes() E:\xampp_7.2\htdocs\openemis_core_v4\vendor\cakephp\cakephp\src\Core\BasePlugin.php, line 262
Cake\Http\BaseApplication::pluginRoutes() E:\xampp_7.2\htdocs\openemis_core_v4\vendor\cakephp\cakephp\src\Http\BaseApplication.php, line 211
Cake\Routing\Middleware\RoutingMiddleware::prepareRouteCollection() E:\xampp_7.2\htdocs\openemis_core_v4\vendor\cakephp\cakephp\src\Routing\Middleware\RoutingMiddleware.php, line 137
Cake\Routing\Middleware\RoutingMiddleware::buildRouteCollection() E:\xampp_7.2\htdocs\openemis_core_v4\vendor\cakephp\cakephp\src\Routing\Middleware\RoutingMiddleware.php, line 124
Cake\Routing\Middleware\RoutingMiddleware::loadRoutes() E:\xampp_7.2\htdocs\openemis_core_v4\vendor\cakephp\cakephp\src\Routing\Middleware\RoutingMiddleware.php, line 95
Cake\Routing\Middleware\RoutingMiddleware::process() E:\xampp_7.2\htdocs\openemis_core_v4\vendor\cakephp\cakephp\src\Routing\Middleware\RoutingMiddleware.php, line 155
Cake\Http\Runner::handle() E:\xampp_7.2\htdocs\openemis_core_v4\vendor\cakephp\cakephp\src\Http\Runner.php, line 82
Cake\Routing\Middleware\AssetMiddleware::process() E:\xampp_7.2\htdocs\openemis_core_v4\vendor\cakephp\cakephp\src\Routing\Middleware\AssetMiddleware.php, line 77
Cake\Http\Runner::handle() E:\xampp_7.2\htdocs\openemis_core_v4\vendor\cakephp\cakephp\src\Http\Runner.php, line 82
Cake\Error\Middleware\ErrorHandlerMiddleware::process() E:\xampp_7.2\htdocs\openemis_core_v4\vendor\cakephp\cakephp\src\Error\Middleware\ErrorHandlerMiddleware.php, line 131
Cake\Http\Runner::handle() E:\xampp_7.2\htdocs\openemis_core_v4\vendor\cakephp\cakephp\src\Http\Runner.php, line 82
Cake\Http\Runner::run() E:\xampp_7.2\htdocs\openemis_core_v4\vendor\cakephp\cakephp\src\Http\Runner.php, line 67
Cake\Http\Server::run() E:\xampp_7.2\htdocs\openemis_core_v4\vendor\cakephp\cakephp\src\Http\Server.php, line 90
[main] E:\xampp_7.2\htdocs\openemis_core_v4\webroot\index.php, line 40

2024-02-01 10:01:55 notice: `Router::connect()` is deprecated, use the non-static method `RouteBuilder::connect()` instead.
E:\xampp_7.2\htdocs\openemis_core_v4\plugins\InstitutionRepeater\config\routes.php, line: 5
You can disable all deprecation warnings by setting `Error.errorLevel` to `E_ALL & ~E_USER_DEPRECATED`. Adding `plugins/InstitutionRepeater/config/routes.php` to `Error.ignoredDeprecationPaths` in your `config/app.php` config will mute deprecations from that file only.
Request URL: /Directory/Directories/Directories/view/eyJpZCI6bnVsbH0.NzQxNDY3ODllMWMyMWE0NTFkNzVjNTU2NjdhZDY2MWRiNjY2MGZjY2I1YjExNzMwN2Y0NTY5MWQzMGU5ZDUyMA
Referer URL: https://localhost/openemis_core_v4/Directory/Directories/Directories/view/eyJpZCI6MTMxMX0.NTk3Y2Q3MWQ3YWFiNWM4MjI0MjMzZGVjNGY1YzM5MmE2YjZhYmI1MDQ0ZDBiODU2NDQ1MWY2NDU4M2E2Y2QxMA
Client IP: 127.0.0.1
Trace:
deprecationWarning E:\xampp_7.2\htdocs\openemis_core_v4\vendor\cakephp\cakephp\src\Core\functions.php, line 328
Cake\Routing\Router::connect() E:\xampp_7.2\htdocs\openemis_core_v4\vendor\cakephp\cakephp\src\Routing\Router.php, line 214
Cake\Core\BasePlugin::{closure}() E:\xampp_7.2\htdocs\openemis_core_v4\plugins\InstitutionRepeater\config\routes.php, line 5
Cake\Routing\RouteBuilder::scope() E:\xampp_7.2\htdocs\openemis_core_v4\vendor\cakephp\cakephp\src\Routing\RouteBuilder.php, line 946
Cake\Routing\Router::scope() E:\xampp_7.2\htdocs\openemis_core_v4\vendor\cakephp\cakephp\src\Routing\Router.php, line 857
require E:\xampp_7.2\htdocs\openemis_core_v4\plugins\InstitutionRepeater\config\routes.php, line 7
Cake\Core\BasePlugin::routes() E:\xampp_7.2\htdocs\openemis_core_v4\vendor\cakephp\cakephp\src\Core\BasePlugin.php, line 262
Cake\Http\BaseApplication::pluginRoutes() E:\xampp_7.2\htdocs\openemis_core_v4\vendor\cakephp\cakephp\src\Http\BaseApplication.php, line 211
Cake\Routing\Middleware\RoutingMiddleware::prepareRouteCollection() E:\xampp_7.2\htdocs\openemis_core_v4\vendor\cakephp\cakephp\src\Routing\Middleware\RoutingMiddleware.php, line 137
Cake\Routing\Middleware\RoutingMiddleware::buildRouteCollection() E:\xampp_7.2\htdocs\openemis_core_v4\vendor\cakephp\cakephp\src\Routing\Middleware\RoutingMiddleware.php, line 124
Cake\Routing\Middleware\RoutingMiddleware::loadRoutes() E:\xampp_7.2\htdocs\openemis_core_v4\vendor\cakephp\cakephp\src\Routing\Middleware\RoutingMiddleware.php, line 95
Cake\Routing\Middleware\RoutingMiddleware::process() E:\xampp_7.2\htdocs\openemis_core_v4\vendor\cakephp\cakephp\src\Routing\Middleware\RoutingMiddleware.php, line 155
Cake\Http\Runner::handle() E:\xampp_7.2\htdocs\openemis_core_v4\vendor\cakephp\cakephp\src\Http\Runner.php, line 82
Cake\Routing\Middleware\AssetMiddleware::process() E:\xampp_7.2\htdocs\openemis_core_v4\vendor\cakephp\cakephp\src\Routing\Middleware\AssetMiddleware.php, line 77
Cake\Http\Runner::handle() E:\xampp_7.2\htdocs\openemis_core_v4\vendor\cakephp\cakephp\src\Http\Runner.php, line 82
Cake\Error\Middleware\ErrorHandlerMiddleware::process() E:\xampp_7.2\htdocs\openemis_core_v4\vendor\cakephp\cakephp\src\Error\Middleware\ErrorHandlerMiddleware.php, line 131
Cake\Http\Runner::handle() E:\xampp_7.2\htdocs\openemis_core_v4\vendor\cakephp\cakephp\src\Http\Runner.php, line 82
Cake\Http\Runner::run() E:\xampp_7.2\htdocs\openemis_core_v4\vendor\cakephp\cakephp\src\Http\Runner.php, line 67
Cake\Http\Server::run() E:\xampp_7.2\htdocs\openemis_core_v4\vendor\cakephp\cakephp\src\Http\Server.php, line 90
[main] E:\xampp_7.2\htdocs\openemis_core_v4\webroot\index.php, line 40

2024-02-01 10:01:55 notice: `Router::connect()` is deprecated, use the non-static method `RouteBuilder::connect()` instead.
E:\xampp_7.2\htdocs\openemis_core_v4\plugins\InstitutionRepeater\config\routes.php, line: 6
You can disable all deprecation warnings by setting `Error.errorLevel` to `E_ALL & ~E_USER_DEPRECATED`. Adding `plugins/InstitutionRepeater/config/routes.php` to `Error.ignoredDeprecationPaths` in your `config/app.php` config will mute deprecations from that file only.
Request URL: /Directory/Directories/Directories/view/eyJpZCI6bnVsbH0.NzQxNDY3ODllMWMyMWE0NTFkNzVjNTU2NjdhZDY2MWRiNjY2MGZjY2I1YjExNzMwN2Y0NTY5MWQzMGU5ZDUyMA
Referer URL: https://localhost/openemis_core_v4/Directory/Directories/Directories/view/eyJpZCI6MTMxMX0.NTk3Y2Q3MWQ3YWFiNWM4MjI0MjMzZGVjNGY1YzM5MmE2YjZhYmI1MDQ0ZDBiODU2NDQ1MWY2NDU4M2E2Y2QxMA
Client IP: 127.0.0.1
Trace:
deprecationWarning E:\xampp_7.2\htdocs\openemis_core_v4\vendor\cakephp\cakephp\src\Core\functions.php, line 328
Cake\Routing\Router::connect() E:\xampp_7.2\htdocs\openemis_core_v4\vendor\cakephp\cakephp\src\Routing\Router.php, line 214
Cake\Core\BasePlugin::{closure}() E:\xampp_7.2\htdocs\openemis_core_v4\plugins\InstitutionRepeater\config\routes.php, line 6
Cake\Routing\RouteBuilder::scope() E:\xampp_7.2\htdocs\openemis_core_v4\vendor\cakephp\cakephp\src\Routing\RouteBuilder.php, line 946
Cake\Routing\Router::scope() E:\xampp_7.2\htdocs\openemis_core_v4\vendor\cakephp\cakephp\src\Routing\Router.php, line 857
require E:\xampp_7.2\htdocs\openemis_core_v4\plugins\InstitutionRepeater\config\routes.php, line 7
Cake\Core\BasePlugin::routes() E:\xampp_7.2\htdocs\openemis_core_v4\vendor\cakephp\cakephp\src\Core\BasePlugin.php, line 262
Cake\Http\BaseApplication::pluginRoutes() E:\xampp_7.2\htdocs\openemis_core_v4\vendor\cakephp\cakephp\src\Http\BaseApplication.php, line 211
Cake\Routing\Middleware\RoutingMiddleware::prepareRouteCollection() E:\xampp_7.2\htdocs\openemis_core_v4\vendor\cakephp\cakephp\src\Routing\Middleware\RoutingMiddleware.php, line 137
Cake\Routing\Middleware\RoutingMiddleware::buildRouteCollection() E:\xampp_7.2\htdocs\openemis_core_v4\vendor\cakephp\cakephp\src\Routing\Middleware\RoutingMiddleware.php, line 124
Cake\Routing\Middleware\RoutingMiddleware::loadRoutes() E:\xampp_7.2\htdocs\openemis_core_v4\vendor\cakephp\cakephp\src\Routing\Middleware\RoutingMiddleware.php, line 95
Cake\Routing\Middleware\RoutingMiddleware::process() E:\xampp_7.2\htdocs\openemis_core_v4\vendor\cakephp\cakephp\src\Routing\Middleware\RoutingMiddleware.php, line 155
Cake\Http\Runner::handle() E:\xampp_7.2\htdocs\openemis_core_v4\vendor\cakephp\cakephp\src\Http\Runner.php, line 82
Cake\Routing\Middleware\AssetMiddleware::process() E:\xampp_7.2\htdocs\openemis_core_v4\vendor\cakephp\cakephp\src\Routing\Middleware\AssetMiddleware.php, line 77
Cake\Http\Runner::handle() E:\xampp_7.2\htdocs\openemis_core_v4\vendor\cakephp\cakephp\src\Http\Runner.php, line 82
Cake\Error\Middleware\ErrorHandlerMiddleware::process() E:\xampp_7.2\htdocs\openemis_core_v4\vendor\cakephp\cakephp\src\Error\Middleware\ErrorHandlerMiddleware.php, line 131
Cake\Http\Runner::handle() E:\xampp_7.2\htdocs\openemis_core_v4\vendor\cakephp\cakephp\src\Http\Runner.php, line 82
Cake\Http\Runner::run() E:\xampp_7.2\htdocs\openemis_core_v4\vendor\cakephp\cakephp\src\Http\Runner.php, line 67
Cake\Http\Server::run() E:\xampp_7.2\htdocs\openemis_core_v4\vendor\cakephp\cakephp\src\Http\Server.php, line 90
[main] E:\xampp_7.2\htdocs\openemis_core_v4\webroot\index.php, line 40

2024-02-01 10:01:55 notice: `Router::scope()` is deprecated, use the non-static method `RouteBuilder::scope()` instead.
E:\xampp_7.2\htdocs\openemis_core_v4\plugins\Examination\config\routes.php, line: 7
You can disable all deprecation warnings by setting `Error.errorLevel` to `E_ALL & ~E_USER_DEPRECATED`. Adding `plugins/Examination/config/routes.php` to `Error.ignoredDeprecationPaths` in your `config/app.php` config will mute deprecations from that file only.
Request URL: /Directory/Directories/Directories/view/eyJpZCI6bnVsbH0.NzQxNDY3ODllMWMyMWE0NTFkNzVjNTU2NjdhZDY2MWRiNjY2MGZjY2I1YjExNzMwN2Y0NTY5MWQzMGU5ZDUyMA
Referer URL: https://localhost/openemis_core_v4/Directory/Directories/Directories/view/eyJpZCI6MTMxMX0.NTk3Y2Q3MWQ3YWFiNWM4MjI0MjMzZGVjNGY1YzM5MmE2YjZhYmI1MDQ0ZDBiODU2NDQ1MWY2NDU4M2E2Y2QxMA
Client IP: 127.0.0.1
Trace:
deprecationWarning E:\xampp_7.2\htdocs\openemis_core_v4\vendor\cakephp\cakephp\src\Core\functions.php, line 328
Cake\Routing\Router::scope() E:\xampp_7.2\htdocs\openemis_core_v4\vendor\cakephp\cakephp\src\Routing\Router.php, line 848
require E:\xampp_7.2\htdocs\openemis_core_v4\plugins\Examination\config\routes.php, line 7
Cake\Core\BasePlugin::routes() E:\xampp_7.2\htdocs\openemis_core_v4\vendor\cakephp\cakephp\src\Core\BasePlugin.php, line 262
Cake\Http\BaseApplication::pluginRoutes() E:\xampp_7.2\htdocs\openemis_core_v4\vendor\cakephp\cakephp\src\Http\BaseApplication.php, line 211
Cake\Routing\Middleware\RoutingMiddleware::prepareRouteCollection() E:\xampp_7.2\htdocs\openemis_core_v4\vendor\cakephp\cakephp\src\Routing\Middleware\RoutingMiddleware.php, line 137
Cake\Routing\Middleware\RoutingMiddleware::buildRouteCollection() E:\xampp_7.2\htdocs\openemis_core_v4\vendor\cakephp\cakephp\src\Routing\Middleware\RoutingMiddleware.php, line 124
Cake\Routing\Middleware\RoutingMiddleware::loadRoutes() E:\xampp_7.2\htdocs\openemis_core_v4\vendor\cakephp\cakephp\src\Routing\Middleware\RoutingMiddleware.php, line 95
Cake\Routing\Middleware\RoutingMiddleware::process() E:\xampp_7.2\htdocs\openemis_core_v4\vendor\cakephp\cakephp\src\Routing\Middleware\RoutingMiddleware.php, line 155
Cake\Http\Runner::handle() E:\xampp_7.2\htdocs\openemis_core_v4\vendor\cakephp\cakephp\src\Http\Runner.php, line 82
Cake\Routing\Middleware\AssetMiddleware::process() E:\xampp_7.2\htdocs\openemis_core_v4\vendor\cakephp\cakephp\src\Routing\Middleware\AssetMiddleware.php, line 77
Cake\Http\Runner::handle() E:\xampp_7.2\htdocs\openemis_core_v4\vendor\cakephp\cakephp\src\Http\Runner.php, line 82
Cake\Error\Middleware\ErrorHandlerMiddleware::process() E:\xampp_7.2\htdocs\openemis_core_v4\vendor\cakephp\cakephp\src\Error\Middleware\ErrorHandlerMiddleware.php, line 131
Cake\Http\Runner::handle() E:\xampp_7.2\htdocs\openemis_core_v4\vendor\cakephp\cakephp\src\Http\Runner.php, line 82
Cake\Http\Runner::run() E:\xampp_7.2\htdocs\openemis_core_v4\vendor\cakephp\cakephp\src\Http\Runner.php, line 67
Cake\Http\Server::run() E:\xampp_7.2\htdocs\openemis_core_v4\vendor\cakephp\cakephp\src\Http\Server.php, line 90
[main] E:\xampp_7.2\htdocs\openemis_core_v4\webroot\index.php, line 40

2024-02-01 10:01:55 notice: `Router::connect()` is deprecated, use the non-static method `RouteBuilder::connect()` instead.
E:\xampp_7.2\htdocs\openemis_core_v4\plugins\Examination\config\routes.php, line: 5
You can disable all deprecation warnings by setting `Error.errorLevel` to `E_ALL & ~E_USER_DEPRECATED`. Adding `plugins/Examination/config/routes.php` to `Error.ignoredDeprecationPaths` in your `config/app.php` config will mute deprecations from that file only.
Request URL: /Directory/Directories/Directories/view/eyJpZCI6bnVsbH0.NzQxNDY3ODllMWMyMWE0NTFkNzVjNTU2NjdhZDY2MWRiNjY2MGZjY2I1YjExNzMwN2Y0NTY5MWQzMGU5ZDUyMA
Referer URL: https://localhost/openemis_core_v4/Directory/Directories/Directories/view/eyJpZCI6MTMxMX0.NTk3Y2Q3MWQ3YWFiNWM4MjI0MjMzZGVjNGY1YzM5MmE2YjZhYmI1MDQ0ZDBiODU2NDQ1MWY2NDU4M2E2Y2QxMA
Client IP: 127.0.0.1
Trace:
deprecationWarning E:\xampp_7.2\htdocs\openemis_core_v4\vendor\cakephp\cakephp\src\Core\functions.php, line 328
Cake\Routing\Router::connect() E:\xampp_7.2\htdocs\openemis_core_v4\vendor\cakephp\cakephp\src\Routing\Router.php, line 214
Cake\Core\BasePlugin::{closure}() E:\xampp_7.2\htdocs\openemis_core_v4\plugins\Examination\config\routes.php, line 5
Cake\Routing\RouteBuilder::scope() E:\xampp_7.2\htdocs\openemis_core_v4\vendor\cakephp\cakephp\src\Routing\RouteBuilder.php, line 946
Cake\Routing\Router::scope() E:\xampp_7.2\htdocs\openemis_core_v4\vendor\cakephp\cakephp\src\Routing\Router.php, line 857
require E:\xampp_7.2\htdocs\openemis_core_v4\plugins\Examination\config\routes.php, line 7
Cake\Core\BasePlugin::routes() E:\xampp_7.2\htdocs\openemis_core_v4\vendor\cakephp\cakephp\src\Core\BasePlugin.php, line 262
Cake\Http\BaseApplication::pluginRoutes() E:\xampp_7.2\htdocs\openemis_core_v4\vendor\cakephp\cakephp\src\Http\BaseApplication.php, line 211
Cake\Routing\Middleware\RoutingMiddleware::prepareRouteCollection() E:\xampp_7.2\htdocs\openemis_core_v4\vendor\cakephp\cakephp\src\Routing\Middleware\RoutingMiddleware.php, line 137
Cake\Routing\Middleware\RoutingMiddleware::buildRouteCollection() E:\xampp_7.2\htdocs\openemis_core_v4\vendor\cakephp\cakephp\src\Routing\Middleware\RoutingMiddleware.php, line 124
Cake\Routing\Middleware\RoutingMiddleware::loadRoutes() E:\xampp_7.2\htdocs\openemis_core_v4\vendor\cakephp\cakephp\src\Routing\Middleware\RoutingMiddleware.php, line 95
Cake\Routing\Middleware\RoutingMiddleware::process() E:\xampp_7.2\htdocs\openemis_core_v4\vendor\cakephp\cakephp\src\Routing\Middleware\RoutingMiddleware.php, line 155
Cake\Http\Runner::handle() E:\xampp_7.2\htdocs\openemis_core_v4\vendor\cakephp\cakephp\src\Http\Runner.php, line 82
Cake\Routing\Middleware\AssetMiddleware::process() E:\xampp_7.2\htdocs\openemis_core_v4\vendor\cakephp\cakephp\src\Routing\Middleware\AssetMiddleware.php, line 77
Cake\Http\Runner::handle() E:\xampp_7.2\htdocs\openemis_core_v4\vendor\cakephp\cakephp\src\Http\Runner.php, line 82
Cake\Error\Middleware\ErrorHandlerMiddleware::process() E:\xampp_7.2\htdocs\openemis_core_v4\vendor\cakephp\cakephp\src\Error\Middleware\ErrorHandlerMiddleware.php, line 131
Cake\Http\Runner::handle() E:\xampp_7.2\htdocs\openemis_core_v4\vendor\cakephp\cakephp\src\Http\Runner.php, line 82
Cake\Http\Runner::run() E:\xampp_7.2\htdocs\openemis_core_v4\vendor\cakephp\cakephp\src\Http\Runner.php, line 67
Cake\Http\Server::run() E:\xampp_7.2\htdocs\openemis_core_v4\vendor\cakephp\cakephp\src\Http\Server.php, line 90
[main] E:\xampp_7.2\htdocs\openemis_core_v4\webroot\index.php, line 40

2024-02-01 10:01:55 notice: `Router::connect()` is deprecated, use the non-static method `RouteBuilder::connect()` instead.
E:\xampp_7.2\htdocs\openemis_core_v4\plugins\Examination\config\routes.php, line: 6
You can disable all deprecation warnings by setting `Error.errorLevel` to `E_ALL & ~E_USER_DEPRECATED`. Adding `plugins/Examination/config/routes.php` to `Error.ignoredDeprecationPaths` in your `config/app.php` config will mute deprecations from that file only.
Request URL: /Directory/Directories/Directories/view/eyJpZCI6bnVsbH0.NzQxNDY3ODllMWMyMWE0NTFkNzVjNTU2NjdhZDY2MWRiNjY2MGZjY2I1YjExNzMwN2Y0NTY5MWQzMGU5ZDUyMA
Referer URL: https://localhost/openemis_core_v4/Directory/Directories/Directories/view/eyJpZCI6MTMxMX0.NTk3Y2Q3MWQ3YWFiNWM4MjI0MjMzZGVjNGY1YzM5MmE2YjZhYmI1MDQ0ZDBiODU2NDQ1MWY2NDU4M2E2Y2QxMA
Client IP: 127.0.0.1
Trace:
deprecationWarning E:\xampp_7.2\htdocs\openemis_core_v4\vendor\cakephp\cakephp\src\Core\functions.php, line 328
Cake\Routing\Router::connect() E:\xampp_7.2\htdocs\openemis_core_v4\vendor\cakephp\cakephp\src\Routing\Router.php, line 214
Cake\Core\BasePlugin::{closure}() E:\xampp_7.2\htdocs\openemis_core_v4\plugins\Examination\config\routes.php, line 6
Cake\Routing\RouteBuilder::scope() E:\xampp_7.2\htdocs\openemis_core_v4\vendor\cakephp\cakephp\src\Routing\RouteBuilder.php, line 946
Cake\Routing\Router::scope() E:\xampp_7.2\htdocs\openemis_core_v4\vendor\cakephp\cakephp\src\Routing\Router.php, line 857
require E:\xampp_7.2\htdocs\openemis_core_v4\plugins\Examination\config\routes.php, line 7
Cake\Core\BasePlugin::routes() E:\xampp_7.2\htdocs\openemis_core_v4\vendor\cakephp\cakephp\src\Core\BasePlugin.php, line 262
Cake\Http\BaseApplication::pluginRoutes() E:\xampp_7.2\htdocs\openemis_core_v4\vendor\cakephp\cakephp\src\Http\BaseApplication.php, line 211
Cake\Routing\Middleware\RoutingMiddleware::prepareRouteCollection() E:\xampp_7.2\htdocs\openemis_core_v4\vendor\cakephp\cakephp\src\Routing\Middleware\RoutingMiddleware.php, line 137
Cake\Routing\Middleware\RoutingMiddleware::buildRouteCollection() E:\xampp_7.2\htdocs\openemis_core_v4\vendor\cakephp\cakephp\src\Routing\Middleware\RoutingMiddleware.php, line 124
Cake\Routing\Middleware\RoutingMiddleware::loadRoutes() E:\xampp_7.2\htdocs\openemis_core_v4\vendor\cakephp\cakephp\src\Routing\Middleware\RoutingMiddleware.php, line 95
Cake\Routing\Middleware\RoutingMiddleware::process() E:\xampp_7.2\htdocs\openemis_core_v4\vendor\cakephp\cakephp\src\Routing\Middleware\RoutingMiddleware.php, line 155
Cake\Http\Runner::handle() E:\xampp_7.2\htdocs\openemis_core_v4\vendor\cakephp\cakephp\src\Http\Runner.php, line 82
Cake\Routing\Middleware\AssetMiddleware::process() E:\xampp_7.2\htdocs\openemis_core_v4\vendor\cakephp\cakephp\src\Routing\Middleware\AssetMiddleware.php, line 77
Cake\Http\Runner::handle() E:\xampp_7.2\htdocs\openemis_core_v4\vendor\cakephp\cakephp\src\Http\Runner.php, line 82
Cake\Error\Middleware\ErrorHandlerMiddleware::process() E:\xampp_7.2\htdocs\openemis_core_v4\vendor\cakephp\cakephp\src\Error\Middleware\ErrorHandlerMiddleware.php, line 131
Cake\Http\Runner::handle() E:\xampp_7.2\htdocs\openemis_core_v4\vendor\cakephp\cakephp\src\Http\Runner.php, line 82
Cake\Http\Runner::run() E:\xampp_7.2\htdocs\openemis_core_v4\vendor\cakephp\cakephp\src\Http\Runner.php, line 67
Cake\Http\Server::run() E:\xampp_7.2\htdocs\openemis_core_v4\vendor\cakephp\cakephp\src\Http\Server.php, line 90
[main] E:\xampp_7.2\htdocs\openemis_core_v4\webroot\index.php, line 40

2024-02-01 10:01:55 notice: `Router::scope()` is deprecated, use the non-static method `RouteBuilder::scope()` instead.
E:\xampp_7.2\htdocs\openemis_core_v4\plugins\Configuration\config\routes.php, line: 8
You can disable all deprecation warnings by setting `Error.errorLevel` to `E_ALL & ~E_USER_DEPRECATED`. Adding `plugins/Configuration/config/routes.php` to `Error.ignoredDeprecationPaths` in your `config/app.php` config will mute deprecations from that file only.
Request URL: /Directory/Directories/Directories/view/eyJpZCI6bnVsbH0.NzQxNDY3ODllMWMyMWE0NTFkNzVjNTU2NjdhZDY2MWRiNjY2MGZjY2I1YjExNzMwN2Y0NTY5MWQzMGU5ZDUyMA
Referer URL: https://localhost/openemis_core_v4/Directory/Directories/Directories/view/eyJpZCI6MTMxMX0.NTk3Y2Q3MWQ3YWFiNWM4MjI0MjMzZGVjNGY1YzM5MmE2YjZhYmI1MDQ0ZDBiODU2NDQ1MWY2NDU4M2E2Y2QxMA
Client IP: 127.0.0.1
Trace:
deprecationWarning E:\xampp_7.2\htdocs\openemis_core_v4\vendor\cakephp\cakephp\src\Core\functions.php, line 328
Cake\Routing\Router::scope() E:\xampp_7.2\htdocs\openemis_core_v4\vendor\cakephp\cakephp\src\Routing\Router.php, line 848
require E:\xampp_7.2\htdocs\openemis_core_v4\plugins\Configuration\config\routes.php, line 8
Cake\Core\BasePlugin::routes() E:\xampp_7.2\htdocs\openemis_core_v4\vendor\cakephp\cakephp\src\Core\BasePlugin.php, line 262
Cake\Http\BaseApplication::pluginRoutes() E:\xampp_7.2\htdocs\openemis_core_v4\vendor\cakephp\cakephp\src\Http\BaseApplication.php, line 211
Cake\Routing\Middleware\RoutingMiddleware::prepareRouteCollection() E:\xampp_7.2\htdocs\openemis_core_v4\vendor\cakephp\cakephp\src\Routing\Middleware\RoutingMiddleware.php, line 137
Cake\Routing\Middleware\RoutingMiddleware::buildRouteCollection() E:\xampp_7.2\htdocs\openemis_core_v4\vendor\cakephp\cakephp\src\Routing\Middleware\RoutingMiddleware.php, line 124
Cake\Routing\Middleware\RoutingMiddleware::loadRoutes() E:\xampp_7.2\htdocs\openemis_core_v4\vendor\cakephp\cakephp\src\Routing\Middleware\RoutingMiddleware.php, line 95
Cake\Routing\Middleware\RoutingMiddleware::process() E:\xampp_7.2\htdocs\openemis_core_v4\vendor\cakephp\cakephp\src\Routing\Middleware\RoutingMiddleware.php, line 155
Cake\Http\Runner::handle() E:\xampp_7.2\htdocs\openemis_core_v4\vendor\cakephp\cakephp\src\Http\Runner.php, line 82
Cake\Routing\Middleware\AssetMiddleware::process() E:\xampp_7.2\htdocs\openemis_core_v4\vendor\cakephp\cakephp\src\Routing\Middleware\AssetMiddleware.php, line 77
Cake\Http\Runner::handle() E:\xampp_7.2\htdocs\openemis_core_v4\vendor\cakephp\cakephp\src\Http\Runner.php, line 82
Cake\Error\Middleware\ErrorHandlerMiddleware::process() E:\xampp_7.2\htdocs\openemis_core_v4\vendor\cakephp\cakephp\src\Error\Middleware\ErrorHandlerMiddleware.php, line 131
Cake\Http\Runner::handle() E:\xampp_7.2\htdocs\openemis_core_v4\vendor\cakephp\cakephp\src\Http\Runner.php, line 82
Cake\Http\Runner::run() E:\xampp_7.2\htdocs\openemis_core_v4\vendor\cakephp\cakephp\src\Http\Runner.php, line 67
Cake\Http\Server::run() E:\xampp_7.2\htdocs\openemis_core_v4\vendor\cakephp\cakephp\src\Http\Server.php, line 90
[main] E:\xampp_7.2\htdocs\openemis_core_v4\webroot\index.php, line 40

2024-02-01 10:01:55 notice: `Router::connect()` is deprecated, use the non-static method `RouteBuilder::connect()` instead.
E:\xampp_7.2\htdocs\openemis_core_v4\plugins\Configuration\config\routes.php, line: 6
You can disable all deprecation warnings by setting `Error.errorLevel` to `E_ALL & ~E_USER_DEPRECATED`. Adding `plugins/Configuration/config/routes.php` to `Error.ignoredDeprecationPaths` in your `config/app.php` config will mute deprecations from that file only.
Request URL: /Directory/Directories/Directories/view/eyJpZCI6bnVsbH0.NzQxNDY3ODllMWMyMWE0NTFkNzVjNTU2NjdhZDY2MWRiNjY2MGZjY2I1YjExNzMwN2Y0NTY5MWQzMGU5ZDUyMA
Referer URL: https://localhost/openemis_core_v4/Directory/Directories/Directories/view/eyJpZCI6MTMxMX0.NTk3Y2Q3MWQ3YWFiNWM4MjI0MjMzZGVjNGY1YzM5MmE2YjZhYmI1MDQ0ZDBiODU2NDQ1MWY2NDU4M2E2Y2QxMA
Client IP: 127.0.0.1
Trace:
deprecationWarning E:\xampp_7.2\htdocs\openemis_core_v4\vendor\cakephp\cakephp\src\Core\functions.php, line 328
Cake\Routing\Router::connect() E:\xampp_7.2\htdocs\openemis_core_v4\vendor\cakephp\cakephp\src\Routing\Router.php, line 214
Cake\Core\BasePlugin::{closure}() E:\xampp_7.2\htdocs\openemis_core_v4\plugins\Configuration\config\routes.php, line 6
Cake\Routing\RouteBuilder::scope() E:\xampp_7.2\htdocs\openemis_core_v4\vendor\cakephp\cakephp\src\Routing\RouteBuilder.php, line 946
Cake\Routing\Router::scope() E:\xampp_7.2\htdocs\openemis_core_v4\vendor\cakephp\cakephp\src\Routing\Router.php, line 857
require E:\xampp_7.2\htdocs\openemis_core_v4\plugins\Configuration\config\routes.php, line 8
Cake\Core\BasePlugin::routes() E:\xampp_7.2\htdocs\openemis_core_v4\vendor\cakephp\cakephp\src\Core\BasePlugin.php, line 262
Cake\Http\BaseApplication::pluginRoutes() E:\xampp_7.2\htdocs\openemis_core_v4\vendor\cakephp\cakephp\src\Http\BaseApplication.php, line 211
Cake\Routing\Middleware\RoutingMiddleware::prepareRouteCollection() E:\xampp_7.2\htdocs\openemis_core_v4\vendor\cakephp\cakephp\src\Routing\Middleware\RoutingMiddleware.php, line 137
Cake\Routing\Middleware\RoutingMiddleware::buildRouteCollection() E:\xampp_7.2\htdocs\openemis_core_v4\vendor\cakephp\cakephp\src\Routing\Middleware\RoutingMiddleware.php, line 124
Cake\Routing\Middleware\RoutingMiddleware::loadRoutes() E:\xampp_7.2\htdocs\openemis_core_v4\vendor\cakephp\cakephp\src\Routing\Middleware\RoutingMiddleware.php, line 95
Cake\Routing\Middleware\RoutingMiddleware::process() E:\xampp_7.2\htdocs\openemis_core_v4\vendor\cakephp\cakephp\src\Routing\Middleware\RoutingMiddleware.php, line 155
Cake\Http\Runner::handle() E:\xampp_7.2\htdocs\openemis_core_v4\vendor\cakephp\cakephp\src\Http\Runner.php, line 82
Cake\Routing\Middleware\AssetMiddleware::process() E:\xampp_7.2\htdocs\openemis_core_v4\vendor\cakephp\cakephp\src\Routing\Middleware\AssetMiddleware.php, line 77
Cake\Http\Runner::handle() E:\xampp_7.2\htdocs\openemis_core_v4\vendor\cakephp\cakephp\src\Http\Runner.php, line 82
Cake\Error\Middleware\ErrorHandlerMiddleware::process() E:\xampp_7.2\htdocs\openemis_core_v4\vendor\cakephp\cakephp\src\Error\Middleware\ErrorHandlerMiddleware.php, line 131
Cake\Http\Runner::handle() E:\xampp_7.2\htdocs\openemis_core_v4\vendor\cakephp\cakephp\src\Http\Runner.php, line 82
Cake\Http\Runner::run() E:\xampp_7.2\htdocs\openemis_core_v4\vendor\cakephp\cakephp\src\Http\Runner.php, line 67
Cake\Http\Server::run() E:\xampp_7.2\htdocs\openemis_core_v4\vendor\cakephp\cakephp\src\Http\Server.php, line 90
[main] E:\xampp_7.2\htdocs\openemis_core_v4\webroot\index.php, line 40

2024-02-01 10:01:55 notice: `Router::connect()` is deprecated, use the non-static method `RouteBuilder::connect()` instead.
E:\xampp_7.2\htdocs\openemis_core_v4\plugins\Configuration\config\routes.php, line: 7
You can disable all deprecation warnings by setting `Error.errorLevel` to `E_ALL & ~E_USER_DEPRECATED`. Adding `plugins/Configuration/config/routes.php` to `Error.ignoredDeprecationPaths` in your `config/app.php` config will mute deprecations from that file only.
Request URL: /Directory/Directories/Directories/view/eyJpZCI6bnVsbH0.NzQxNDY3ODllMWMyMWE0NTFkNzVjNTU2NjdhZDY2MWRiNjY2MGZjY2I1YjExNzMwN2Y0NTY5MWQzMGU5ZDUyMA
Referer URL: https://localhost/openemis_core_v4/Directory/Directories/Directories/view/eyJpZCI6MTMxMX0.NTk3Y2Q3MWQ3YWFiNWM4MjI0MjMzZGVjNGY1YzM5MmE2YjZhYmI1MDQ0ZDBiODU2NDQ1MWY2NDU4M2E2Y2QxMA
Client IP: 127.0.0.1
Trace:
deprecationWarning E:\xampp_7.2\htdocs\openemis_core_v4\vendor\cakephp\cakephp\src\Core\functions.php, line 328
Cake\Routing\Router::connect() E:\xampp_7.2\htdocs\openemis_core_v4\vendor\cakephp\cakephp\src\Routing\Router.php, line 214
Cake\Core\BasePlugin::{closure}() E:\xampp_7.2\htdocs\openemis_core_v4\plugins\Configuration\config\routes.php, line 7
Cake\Routing\RouteBuilder::scope() E:\xampp_7.2\htdocs\openemis_core_v4\vendor\cakephp\cakephp\src\Routing\RouteBuilder.php, line 946
Cake\Routing\Router::scope() E:\xampp_7.2\htdocs\openemis_core_v4\vendor\cakephp\cakephp\src\Routing\Router.php, line 857
require E:\xampp_7.2\htdocs\openemis_core_v4\plugins\Configuration\config\routes.php, line 8
Cake\Core\BasePlugin::routes() E:\xampp_7.2\htdocs\openemis_core_v4\vendor\cakephp\cakephp\src\Core\BasePlugin.php, line 262
Cake\Http\BaseApplication::pluginRoutes() E:\xampp_7.2\htdocs\openemis_core_v4\vendor\cakephp\cakephp\src\Http\BaseApplication.php, line 211
Cake\Routing\Middleware\RoutingMiddleware::prepareRouteCollection() E:\xampp_7.2\htdocs\openemis_core_v4\vendor\cakephp\cakephp\src\Routing\Middleware\RoutingMiddleware.php, line 137
Cake\Routing\Middleware\RoutingMiddleware::buildRouteCollection() E:\xampp_7.2\htdocs\openemis_core_v4\vendor\cakephp\cakephp\src\Routing\Middleware\RoutingMiddleware.php, line 124
Cake\Routing\Middleware\RoutingMiddleware::loadRoutes() E:\xampp_7.2\htdocs\openemis_core_v4\vendor\cakephp\cakephp\src\Routing\Middleware\RoutingMiddleware.php, line 95
Cake\Routing\Middleware\RoutingMiddleware::process() E:\xampp_7.2\htdocs\openemis_core_v4\vendor\cakephp\cakephp\src\Routing\Middleware\RoutingMiddleware.php, line 155
Cake\Http\Runner::handle() E:\xampp_7.2\htdocs\openemis_core_v4\vendor\cakephp\cakephp\src\Http\Runner.php, line 82
Cake\Routing\Middleware\AssetMiddleware::process() E:\xampp_7.2\htdocs\openemis_core_v4\vendor\cakephp\cakephp\src\Routing\Middleware\AssetMiddleware.php, line 77
Cake\Http\Runner::handle() E:\xampp_7.2\htdocs\openemis_core_v4\vendor\cakephp\cakephp\src\Http\Runner.php, line 82
Cake\Error\Middleware\ErrorHandlerMiddleware::process() E:\xampp_7.2\htdocs\openemis_core_v4\vendor\cakephp\cakephp\src\Error\Middleware\ErrorHandlerMiddleware.php, line 131
Cake\Http\Runner::handle() E:\xampp_7.2\htdocs\openemis_core_v4\vendor\cakephp\cakephp\src\Http\Runner.php, line 82
Cake\Http\Runner::run() E:\xampp_7.2\htdocs\openemis_core_v4\vendor\cakephp\cakephp\src\Http\Runner.php, line 67
Cake\Http\Server::run() E:\xampp_7.2\htdocs\openemis_core_v4\vendor\cakephp\cakephp\src\Http\Server.php, line 90
[main] E:\xampp_7.2\htdocs\openemis_core_v4\webroot\index.php, line 40

2024-02-01 10:01:55 notice: `Router::scope()` is deprecated, use the non-static method `RouteBuilder::scope()` instead.
E:\xampp_7.2\htdocs\openemis_core_v4\plugins\CustomExcel\config\routes.php, line: 7
You can disable all deprecation warnings by setting `Error.errorLevel` to `E_ALL & ~E_USER_DEPRECATED`. Adding `plugins/CustomExcel/config/routes.php` to `Error.ignoredDeprecationPaths` in your `config/app.php` config will mute deprecations from that file only.
Request URL: /Directory/Directories/Directories/view/eyJpZCI6bnVsbH0.NzQxNDY3ODllMWMyMWE0NTFkNzVjNTU2NjdhZDY2MWRiNjY2MGZjY2I1YjExNzMwN2Y0NTY5MWQzMGU5ZDUyMA
Referer URL: https://localhost/openemis_core_v4/Directory/Directories/Directories/view/eyJpZCI6MTMxMX0.NTk3Y2Q3MWQ3YWFiNWM4MjI0MjMzZGVjNGY1YzM5MmE2YjZhYmI1MDQ0ZDBiODU2NDQ1MWY2NDU4M2E2Y2QxMA
Client IP: 127.0.0.1
Trace:
deprecationWarning E:\xampp_7.2\htdocs\openemis_core_v4\vendor\cakephp\cakephp\src\Core\functions.php, line 328
Cake\Routing\Router::scope() E:\xampp_7.2\htdocs\openemis_core_v4\vendor\cakephp\cakephp\src\Routing\Router.php, line 848
require E:\xampp_7.2\htdocs\openemis_core_v4\plugins\CustomExcel\config\routes.php, line 7
Cake\Core\BasePlugin::routes() E:\xampp_7.2\htdocs\openemis_core_v4\vendor\cakephp\cakephp\src\Core\BasePlugin.php, line 262
Cake\Http\BaseApplication::pluginRoutes() E:\xampp_7.2\htdocs\openemis_core_v4\vendor\cakephp\cakephp\src\Http\BaseApplication.php, line 211
Cake\Routing\Middleware\RoutingMiddleware::prepareRouteCollection() E:\xampp_7.2\htdocs\openemis_core_v4\vendor\cakephp\cakephp\src\Routing\Middleware\RoutingMiddleware.php, line 137
Cake\Routing\Middleware\RoutingMiddleware::buildRouteCollection() E:\xampp_7.2\htdocs\openemis_core_v4\vendor\cakephp\cakephp\src\Routing\Middleware\RoutingMiddleware.php, line 124
Cake\Routing\Middleware\RoutingMiddleware::loadRoutes() E:\xampp_7.2\htdocs\openemis_core_v4\vendor\cakephp\cakephp\src\Routing\Middleware\RoutingMiddleware.php, line 95
Cake\Routing\Middleware\RoutingMiddleware::process() E:\xampp_7.2\htdocs\openemis_core_v4\vendor\cakephp\cakephp\src\Routing\Middleware\RoutingMiddleware.php, line 155
Cake\Http\Runner::handle() E:\xampp_7.2\htdocs\openemis_core_v4\vendor\cakephp\cakephp\src\Http\Runner.php, line 82
Cake\Routing\Middleware\AssetMiddleware::process() E:\xampp_7.2\htdocs\openemis_core_v4\vendor\cakephp\cakephp\src\Routing\Middleware\AssetMiddleware.php, line 77
Cake\Http\Runner::handle() E:\xampp_7.2\htdocs\openemis_core_v4\vendor\cakephp\cakephp\src\Http\Runner.php, line 82
Cake\Error\Middleware\ErrorHandlerMiddleware::process() E:\xampp_7.2\htdocs\openemis_core_v4\vendor\cakephp\cakephp\src\Error\Middleware\ErrorHandlerMiddleware.php, line 131
Cake\Http\Runner::handle() E:\xampp_7.2\htdocs\openemis_core_v4\vendor\cakephp\cakephp\src\Http\Runner.php, line 82
Cake\Http\Runner::run() E:\xampp_7.2\htdocs\openemis_core_v4\vendor\cakephp\cakephp\src\Http\Runner.php, line 67
Cake\Http\Server::run() E:\xampp_7.2\htdocs\openemis_core_v4\vendor\cakephp\cakephp\src\Http\Server.php, line 90
[main] E:\xampp_7.2\htdocs\openemis_core_v4\webroot\index.php, line 40

2024-02-01 10:01:55 notice: `Router::connect()` is deprecated, use the non-static method `RouteBuilder::connect()` instead.
E:\xampp_7.2\htdocs\openemis_core_v4\plugins\CustomExcel\config\routes.php, line: 5
You can disable all deprecation warnings by setting `Error.errorLevel` to `E_ALL & ~E_USER_DEPRECATED`. Adding `plugins/CustomExcel/config/routes.php` to `Error.ignoredDeprecationPaths` in your `config/app.php` config will mute deprecations from that file only.
Request URL: /Directory/Directories/Directories/view/eyJpZCI6bnVsbH0.NzQxNDY3ODllMWMyMWE0NTFkNzVjNTU2NjdhZDY2MWRiNjY2MGZjY2I1YjExNzMwN2Y0NTY5MWQzMGU5ZDUyMA
Referer URL: https://localhost/openemis_core_v4/Directory/Directories/Directories/view/eyJpZCI6MTMxMX0.NTk3Y2Q3MWQ3YWFiNWM4MjI0MjMzZGVjNGY1YzM5MmE2YjZhYmI1MDQ0ZDBiODU2NDQ1MWY2NDU4M2E2Y2QxMA
Client IP: 127.0.0.1
Trace:
deprecationWarning E:\xampp_7.2\htdocs\openemis_core_v4\vendor\cakephp\cakephp\src\Core\functions.php, line 328
Cake\Routing\Router::connect() E:\xampp_7.2\htdocs\openemis_core_v4\vendor\cakephp\cakephp\src\Routing\Router.php, line 214
Cake\Core\BasePlugin::{closure}() E:\xampp_7.2\htdocs\openemis_core_v4\plugins\CustomExcel\config\routes.php, line 5
Cake\Routing\RouteBuilder::scope() E:\xampp_7.2\htdocs\openemis_core_v4\vendor\cakephp\cakephp\src\Routing\RouteBuilder.php, line 946
Cake\Routing\Router::scope() E:\xampp_7.2\htdocs\openemis_core_v4\vendor\cakephp\cakephp\src\Routing\Router.php, line 857
require E:\xampp_7.2\htdocs\openemis_core_v4\plugins\CustomExcel\config\routes.php, line 7
Cake\Core\BasePlugin::routes() E:\xampp_7.2\htdocs\openemis_core_v4\vendor\cakephp\cakephp\src\Core\BasePlugin.php, line 262
Cake\Http\BaseApplication::pluginRoutes() E:\xampp_7.2\htdocs\openemis_core_v4\vendor\cakephp\cakephp\src\Http\BaseApplication.php, line 211
Cake\Routing\Middleware\RoutingMiddleware::prepareRouteCollection() E:\xampp_7.2\htdocs\openemis_core_v4\vendor\cakephp\cakephp\src\Routing\Middleware\RoutingMiddleware.php, line 137
Cake\Routing\Middleware\RoutingMiddleware::buildRouteCollection() E:\xampp_7.2\htdocs\openemis_core_v4\vendor\cakephp\cakephp\src\Routing\Middleware\RoutingMiddleware.php, line 124
Cake\Routing\Middleware\RoutingMiddleware::loadRoutes() E:\xampp_7.2\htdocs\openemis_core_v4\vendor\cakephp\cakephp\src\Routing\Middleware\RoutingMiddleware.php, line 95
Cake\Routing\Middleware\RoutingMiddleware::process() E:\xampp_7.2\htdocs\openemis_core_v4\vendor\cakephp\cakephp\src\Routing\Middleware\RoutingMiddleware.php, line 155
Cake\Http\Runner::handle() E:\xampp_7.2\htdocs\openemis_core_v4\vendor\cakephp\cakephp\src\Http\Runner.php, line 82
Cake\Routing\Middleware\AssetMiddleware::process() E:\xampp_7.2\htdocs\openemis_core_v4\vendor\cakephp\cakephp\src\Routing\Middleware\AssetMiddleware.php, line 77
Cake\Http\Runner::handle() E:\xampp_7.2\htdocs\openemis_core_v4\vendor\cakephp\cakephp\src\Http\Runner.php, line 82
Cake\Error\Middleware\ErrorHandlerMiddleware::process() E:\xampp_7.2\htdocs\openemis_core_v4\vendor\cakephp\cakephp\src\Error\Middleware\ErrorHandlerMiddleware.php, line 131
Cake\Http\Runner::handle() E:\xampp_7.2\htdocs\openemis_core_v4\vendor\cakephp\cakephp\src\Http\Runner.php, line 82
Cake\Http\Runner::run() E:\xampp_7.2\htdocs\openemis_core_v4\vendor\cakephp\cakephp\src\Http\Runner.php, line 67
Cake\Http\Server::run() E:\xampp_7.2\htdocs\openemis_core_v4\vendor\cakephp\cakephp\src\Http\Server.php, line 90
[main] E:\xampp_7.2\htdocs\openemis_core_v4\webroot\index.php, line 40

2024-02-01 10:01:55 notice: `Router::connect()` is deprecated, use the non-static method `RouteBuilder::connect()` instead.
E:\xampp_7.2\htdocs\openemis_core_v4\plugins\CustomExcel\config\routes.php, line: 6
You can disable all deprecation warnings by setting `Error.errorLevel` to `E_ALL & ~E_USER_DEPRECATED`. Adding `plugins/CustomExcel/config/routes.php` to `Error.ignoredDeprecationPaths` in your `config/app.php` config will mute deprecations from that file only.
Request URL: /Directory/Directories/Directories/view/eyJpZCI6bnVsbH0.NzQxNDY3ODllMWMyMWE0NTFkNzVjNTU2NjdhZDY2MWRiNjY2MGZjY2I1YjExNzMwN2Y0NTY5MWQzMGU5ZDUyMA
Referer URL: https://localhost/openemis_core_v4/Directory/Directories/Directories/view/eyJpZCI6MTMxMX0.NTk3Y2Q3MWQ3YWFiNWM4MjI0MjMzZGVjNGY1YzM5MmE2YjZhYmI1MDQ0ZDBiODU2NDQ1MWY2NDU4M2E2Y2QxMA
Client IP: 127.0.0.1
Trace:
deprecationWarning E:\xampp_7.2\htdocs\openemis_core_v4\vendor\cakephp\cakephp\src\Core\functions.php, line 328
Cake\Routing\Router::connect() E:\xampp_7.2\htdocs\openemis_core_v4\vendor\cakephp\cakephp\src\Routing\Router.php, line 214
Cake\Core\BasePlugin::{closure}() E:\xampp_7.2\htdocs\openemis_core_v4\plugins\CustomExcel\config\routes.php, line 6
Cake\Routing\RouteBuilder::scope() E:\xampp_7.2\htdocs\openemis_core_v4\vendor\cakephp\cakephp\src\Routing\RouteBuilder.php, line 946
Cake\Routing\Router::scope() E:\xampp_7.2\htdocs\openemis_core_v4\vendor\cakephp\cakephp\src\Routing\Router.php, line 857
require E:\xampp_7.2\htdocs\openemis_core_v4\plugins\CustomExcel\config\routes.php, line 7
Cake\Core\BasePlugin::routes() E:\xampp_7.2\htdocs\openemis_core_v4\vendor\cakephp\cakephp\src\Core\BasePlugin.php, line 262
Cake\Http\BaseApplication::pluginRoutes() E:\xampp_7.2\htdocs\openemis_core_v4\vendor\cakephp\cakephp\src\Http\BaseApplication.php, line 211
Cake\Routing\Middleware\RoutingMiddleware::prepareRouteCollection() E:\xampp_7.2\htdocs\openemis_core_v4\vendor\cakephp\cakephp\src\Routing\Middleware\RoutingMiddleware.php, line 137
Cake\Routing\Middleware\RoutingMiddleware::buildRouteCollection() E:\xampp_7.2\htdocs\openemis_core_v4\vendor\cakephp\cakephp\src\Routing\Middleware\RoutingMiddleware.php, line 124
Cake\Routing\Middleware\RoutingMiddleware::loadRoutes() E:\xampp_7.2\htdocs\openemis_core_v4\vendor\cakephp\cakephp\src\Routing\Middleware\RoutingMiddleware.php, line 95
Cake\Routing\Middleware\RoutingMiddleware::process() E:\xampp_7.2\htdocs\openemis_core_v4\vendor\cakephp\cakephp\src\Routing\Middleware\RoutingMiddleware.php, line 155
Cake\Http\Runner::handle() E:\xampp_7.2\htdocs\openemis_core_v4\vendor\cakephp\cakephp\src\Http\Runner.php, line 82
Cake\Routing\Middleware\AssetMiddleware::process() E:\xampp_7.2\htdocs\openemis_core_v4\vendor\cakephp\cakephp\src\Routing\Middleware\AssetMiddleware.php, line 77
Cake\Http\Runner::handle() E:\xampp_7.2\htdocs\openemis_core_v4\vendor\cakephp\cakephp\src\Http\Runner.php, line 82
Cake\Error\Middleware\ErrorHandlerMiddleware::process() E:\xampp_7.2\htdocs\openemis_core_v4\vendor\cakephp\cakephp\src\Error\Middleware\ErrorHandlerMiddleware.php, line 131
Cake\Http\Runner::handle() E:\xampp_7.2\htdocs\openemis_core_v4\vendor\cakephp\cakephp\src\Http\Runner.php, line 82
Cake\Http\Runner::run() E:\xampp_7.2\htdocs\openemis_core_v4\vendor\cakephp\cakephp\src\Http\Runner.php, line 67
Cake\Http\Server::run() E:\xampp_7.2\htdocs\openemis_core_v4\vendor\cakephp\cakephp\src\Http\Server.php, line 90
[main] E:\xampp_7.2\htdocs\openemis_core_v4\webroot\index.php, line 40

2024-02-01 10:01:55 notice: `Router::scope()` is deprecated, use the non-static method `RouteBuilder::scope()` instead.
E:\xampp_7.2\htdocs\openemis_core_v4\plugins\Competency\config\routes.php, line: 7
You can disable all deprecation warnings by setting `Error.errorLevel` to `E_ALL & ~E_USER_DEPRECATED`. Adding `plugins/Competency/config/routes.php` to `Error.ignoredDeprecationPaths` in your `config/app.php` config will mute deprecations from that file only.
Request URL: /Directory/Directories/Directories/view/eyJpZCI6bnVsbH0.NzQxNDY3ODllMWMyMWE0NTFkNzVjNTU2NjdhZDY2MWRiNjY2MGZjY2I1YjExNzMwN2Y0NTY5MWQzMGU5ZDUyMA
Referer URL: https://localhost/openemis_core_v4/Directory/Directories/Directories/view/eyJpZCI6MTMxMX0.NTk3Y2Q3MWQ3YWFiNWM4MjI0MjMzZGVjNGY1YzM5MmE2YjZhYmI1MDQ0ZDBiODU2NDQ1MWY2NDU4M2E2Y2QxMA
Client IP: 127.0.0.1
Trace:
deprecationWarning E:\xampp_7.2\htdocs\openemis_core_v4\vendor\cakephp\cakephp\src\Core\functions.php, line 328
Cake\Routing\Router::scope() E:\xampp_7.2\htdocs\openemis_core_v4\vendor\cakephp\cakephp\src\Routing\Router.php, line 848
require E:\xampp_7.2\htdocs\openemis_core_v4\plugins\Competency\config\routes.php, line 7
Cake\Core\BasePlugin::routes() E:\xampp_7.2\htdocs\openemis_core_v4\vendor\cakephp\cakephp\src\Core\BasePlugin.php, line 262
Cake\Http\BaseApplication::pluginRoutes() E:\xampp_7.2\htdocs\openemis_core_v4\vendor\cakephp\cakephp\src\Http\BaseApplication.php, line 211
Cake\Routing\Middleware\RoutingMiddleware::prepareRouteCollection() E:\xampp_7.2\htdocs\openemis_core_v4\vendor\cakephp\cakephp\src\Routing\Middleware\RoutingMiddleware.php, line 137
Cake\Routing\Middleware\RoutingMiddleware::buildRouteCollection() E:\xampp_7.2\htdocs\openemis_core_v4\vendor\cakephp\cakephp\src\Routing\Middleware\RoutingMiddleware.php, line 124
Cake\Routing\Middleware\RoutingMiddleware::loadRoutes() E:\xampp_7.2\htdocs\openemis_core_v4\vendor\cakephp\cakephp\src\Routing\Middleware\RoutingMiddleware.php, line 95
Cake\Routing\Middleware\RoutingMiddleware::process() E:\xampp_7.2\htdocs\openemis_core_v4\vendor\cakephp\cakephp\src\Routing\Middleware\RoutingMiddleware.php, line 155
Cake\Http\Runner::handle() E:\xampp_7.2\htdocs\openemis_core_v4\vendor\cakephp\cakephp\src\Http\Runner.php, line 82
Cake\Routing\Middleware\AssetMiddleware::process() E:\xampp_7.2\htdocs\openemis_core_v4\vendor\cakephp\cakephp\src\Routing\Middleware\AssetMiddleware.php, line 77
Cake\Http\Runner::handle() E:\xampp_7.2\htdocs\openemis_core_v4\vendor\cakephp\cakephp\src\Http\Runner.php, line 82
Cake\Error\Middleware\ErrorHandlerMiddleware::process() E:\xampp_7.2\htdocs\openemis_core_v4\vendor\cakephp\cakephp\src\Error\Middleware\ErrorHandlerMiddleware.php, line 131
Cake\Http\Runner::handle() E:\xampp_7.2\htdocs\openemis_core_v4\vendor\cakephp\cakephp\src\Http\Runner.php, line 82
Cake\Http\Runner::run() E:\xampp_7.2\htdocs\openemis_core_v4\vendor\cakephp\cakephp\src\Http\Runner.php, line 67
Cake\Http\Server::run() E:\xampp_7.2\htdocs\openemis_core_v4\vendor\cakephp\cakephp\src\Http\Server.php, line 90
[main] E:\xampp_7.2\htdocs\openemis_core_v4\webroot\index.php, line 40

2024-02-01 10:01:55 notice: `Router::connect()` is deprecated, use the non-static method `RouteBuilder::connect()` instead.
E:\xampp_7.2\htdocs\openemis_core_v4\plugins\Competency\config\routes.php, line: 5
You can disable all deprecation warnings by setting `Error.errorLevel` to `E_ALL & ~E_USER_DEPRECATED`. Adding `plugins/Competency/config/routes.php` to `Error.ignoredDeprecationPaths` in your `config/app.php` config will mute deprecations from that file only.
Request URL: /Directory/Directories/Directories/view/eyJpZCI6bnVsbH0.NzQxNDY3ODllMWMyMWE0NTFkNzVjNTU2NjdhZDY2MWRiNjY2MGZjY2I1YjExNzMwN2Y0NTY5MWQzMGU5ZDUyMA
Referer URL: https://localhost/openemis_core_v4/Directory/Directories/Directories/view/eyJpZCI6MTMxMX0.NTk3Y2Q3MWQ3YWFiNWM4MjI0MjMzZGVjNGY1YzM5MmE2YjZhYmI1MDQ0ZDBiODU2NDQ1MWY2NDU4M2E2Y2QxMA
Client IP: 127.0.0.1
Trace:
deprecationWarning E:\xampp_7.2\htdocs\openemis_core_v4\vendor\cakephp\cakephp\src\Core\functions.php, line 328
Cake\Routing\Router::connect() E:\xampp_7.2\htdocs\openemis_core_v4\vendor\cakephp\cakephp\src\Routing\Router.php, line 214
Cake\Core\BasePlugin::{closure}() E:\xampp_7.2\htdocs\openemis_core_v4\plugins\Competency\config\routes.php, line 5
Cake\Routing\RouteBuilder::scope() E:\xampp_7.2\htdocs\openemis_core_v4\vendor\cakephp\cakephp\src\Routing\RouteBuilder.php, line 946
Cake\Routing\Router::scope() E:\xampp_7.2\htdocs\openemis_core_v4\vendor\cakephp\cakephp\src\Routing\Router.php, line 857
require E:\xampp_7.2\htdocs\openemis_core_v4\plugins\Competency\config\routes.php, line 7
Cake\Core\BasePlugin::routes() E:\xampp_7.2\htdocs\openemis_core_v4\vendor\cakephp\cakephp\src\Core\BasePlugin.php, line 262
Cake\Http\BaseApplication::pluginRoutes() E:\xampp_7.2\htdocs\openemis_core_v4\vendor\cakephp\cakephp\src\Http\BaseApplication.php, line 211
Cake\Routing\Middleware\RoutingMiddleware::prepareRouteCollection() E:\xampp_7.2\htdocs\openemis_core_v4\vendor\cakephp\cakephp\src\Routing\Middleware\RoutingMiddleware.php, line 137
Cake\Routing\Middleware\RoutingMiddleware::buildRouteCollection() E:\xampp_7.2\htdocs\openemis_core_v4\vendor\cakephp\cakephp\src\Routing\Middleware\RoutingMiddleware.php, line 124
Cake\Routing\Middleware\RoutingMiddleware::loadRoutes() E:\xampp_7.2\htdocs\openemis_core_v4\vendor\cakephp\cakephp\src\Routing\Middleware\RoutingMiddleware.php, line 95
Cake\Routing\Middleware\RoutingMiddleware::process() E:\xampp_7.2\htdocs\openemis_core_v4\vendor\cakephp\cakephp\src\Routing\Middleware\RoutingMiddleware.php, line 155
Cake\Http\Runner::handle() E:\xampp_7.2\htdocs\openemis_core_v4\vendor\cakephp\cakephp\src\Http\Runner.php, line 82
Cake\Routing\Middleware\AssetMiddleware::process() E:\xampp_7.2\htdocs\openemis_core_v4\vendor\cakephp\cakephp\src\Routing\Middleware\AssetMiddleware.php, line 77
Cake\Http\Runner::handle() E:\xampp_7.2\htdocs\openemis_core_v4\vendor\cakephp\cakephp\src\Http\Runner.php, line 82
Cake\Error\Middleware\ErrorHandlerMiddleware::process() E:\xampp_7.2\htdocs\openemis_core_v4\vendor\cakephp\cakephp\src\Error\Middleware\ErrorHandlerMiddleware.php, line 131
Cake\Http\Runner::handle() E:\xampp_7.2\htdocs\openemis_core_v4\vendor\cakephp\cakephp\src\Http\Runner.php, line 82
Cake\Http\Runner::run() E:\xampp_7.2\htdocs\openemis_core_v4\vendor\cakephp\cakephp\src\Http\Runner.php, line 67
Cake\Http\Server::run() E:\xampp_7.2\htdocs\openemis_core_v4\vendor\cakephp\cakephp\src\Http\Server.php, line 90
[main] E:\xampp_7.2\htdocs\openemis_core_v4\webroot\index.php, line 40

2024-02-01 10:01:55 notice: `Router::connect()` is deprecated, use the non-static method `RouteBuilder::connect()` instead.
E:\xampp_7.2\htdocs\openemis_core_v4\plugins\Competency\config\routes.php, line: 6
You can disable all deprecation warnings by setting `Error.errorLevel` to `E_ALL & ~E_USER_DEPRECATED`. Adding `plugins/Competency/config/routes.php` to `Error.ignoredDeprecationPaths` in your `config/app.php` config will mute deprecations from that file only.
Request URL: /Directory/Directories/Directories/view/eyJpZCI6bnVsbH0.NzQxNDY3ODllMWMyMWE0NTFkNzVjNTU2NjdhZDY2MWRiNjY2MGZjY2I1YjExNzMwN2Y0NTY5MWQzMGU5ZDUyMA
Referer URL: https://localhost/openemis_core_v4/Directory/Directories/Directories/view/eyJpZCI6MTMxMX0.NTk3Y2Q3MWQ3YWFiNWM4MjI0MjMzZGVjNGY1YzM5MmE2YjZhYmI1MDQ0ZDBiODU2NDQ1MWY2NDU4M2E2Y2QxMA
Client IP: 127.0.0.1
Trace:
deprecationWarning E:\xampp_7.2\htdocs\openemis_core_v4\vendor\cakephp\cakephp\src\Core\functions.php, line 328
Cake\Routing\Router::connect() E:\xampp_7.2\htdocs\openemis_core_v4\vendor\cakephp\cakephp\src\Routing\Router.php, line 214
Cake\Core\BasePlugin::{closure}() E:\xampp_7.2\htdocs\openemis_core_v4\plugins\Competency\config\routes.php, line 6
Cake\Routing\RouteBuilder::scope() E:\xampp_7.2\htdocs\openemis_core_v4\vendor\cakephp\cakephp\src\Routing\RouteBuilder.php, line 946
Cake\Routing\Router::scope() E:\xampp_7.2\htdocs\openemis_core_v4\vendor\cakephp\cakephp\src\Routing\Router.php, line 857
require E:\xampp_7.2\htdocs\openemis_core_v4\plugins\Competency\config\routes.php, line 7
Cake\Core\BasePlugin::routes() E:\xampp_7.2\htdocs\openemis_core_v4\vendor\cakephp\cakephp\src\Core\BasePlugin.php, line 262
Cake\Http\BaseApplication::pluginRoutes() E:\xampp_7.2\htdocs\openemis_core_v4\vendor\cakephp\cakephp\src\Http\BaseApplication.php, line 211
Cake\Routing\Middleware\RoutingMiddleware::prepareRouteCollection() E:\xampp_7.2\htdocs\openemis_core_v4\vendor\cakephp\cakephp\src\Routing\Middleware\RoutingMiddleware.php, line 137
Cake\Routing\Middleware\RoutingMiddleware::buildRouteCollection() E:\xampp_7.2\htdocs\openemis_core_v4\vendor\cakephp\cakephp\src\Routing\Middleware\RoutingMiddleware.php, line 124
Cake\Routing\Middleware\RoutingMiddleware::loadRoutes() E:\xampp_7.2\htdocs\openemis_core_v4\vendor\cakephp\cakephp\src\Routing\Middleware\RoutingMiddleware.php, line 95
Cake\Routing\Middleware\RoutingMiddleware::process() E:\xampp_7.2\htdocs\openemis_core_v4\vendor\cakephp\cakephp\src\Routing\Middleware\RoutingMiddleware.php, line 155
Cake\Http\Runner::handle() E:\xampp_7.2\htdocs\openemis_core_v4\vendor\cakephp\cakephp\src\Http\Runner.php, line 82
Cake\Routing\Middleware\AssetMiddleware::process() E:\xampp_7.2\htdocs\openemis_core_v4\vendor\cakephp\cakephp\src\Routing\Middleware\AssetMiddleware.php, line 77
Cake\Http\Runner::handle() E:\xampp_7.2\htdocs\openemis_core_v4\vendor\cakephp\cakephp\src\Http\Runner.php, line 82
Cake\Error\Middleware\ErrorHandlerMiddleware::process() E:\xampp_7.2\htdocs\openemis_core_v4\vendor\cakephp\cakephp\src\Error\Middleware\ErrorHandlerMiddleware.php, line 131
Cake\Http\Runner::handle() E:\xampp_7.2\htdocs\openemis_core_v4\vendor\cakephp\cakephp\src\Http\Runner.php, line 82
Cake\Http\Runner::run() E:\xampp_7.2\htdocs\openemis_core_v4\vendor\cakephp\cakephp\src\Http\Runner.php, line 67
Cake\Http\Server::run() E:\xampp_7.2\htdocs\openemis_core_v4\vendor\cakephp\cakephp\src\Http\Server.php, line 90
[main] E:\xampp_7.2\htdocs\openemis_core_v4\webroot\index.php, line 40

2024-02-01 10:01:55 notice: `Router::scope()` is deprecated, use the non-static method `RouteBuilder::scope()` instead.
E:\xampp_7.2\htdocs\openemis_core_v4\plugins\ReportCard\config\routes.php, line: 8
You can disable all deprecation warnings by setting `Error.errorLevel` to `E_ALL & ~E_USER_DEPRECATED`. Adding `plugins/ReportCard/config/routes.php` to `Error.ignoredDeprecationPaths` in your `config/app.php` config will mute deprecations from that file only.
Request URL: /Directory/Directories/Directories/view/eyJpZCI6bnVsbH0.NzQxNDY3ODllMWMyMWE0NTFkNzVjNTU2NjdhZDY2MWRiNjY2MGZjY2I1YjExNzMwN2Y0NTY5MWQzMGU5ZDUyMA
Referer URL: https://localhost/openemis_core_v4/Directory/Directories/Directories/view/eyJpZCI6MTMxMX0.NTk3Y2Q3MWQ3YWFiNWM4MjI0MjMzZGVjNGY1YzM5MmE2YjZhYmI1MDQ0ZDBiODU2NDQ1MWY2NDU4M2E2Y2QxMA
Client IP: 127.0.0.1
Trace:
deprecationWarning E:\xampp_7.2\htdocs\openemis_core_v4\vendor\cakephp\cakephp\src\Core\functions.php, line 328
Cake\Routing\Router::scope() E:\xampp_7.2\htdocs\openemis_core_v4\vendor\cakephp\cakephp\src\Routing\Router.php, line 848
require E:\xampp_7.2\htdocs\openemis_core_v4\plugins\ReportCard\config\routes.php, line 8
Cake\Core\BasePlugin::routes() E:\xampp_7.2\htdocs\openemis_core_v4\vendor\cakephp\cakephp\src\Core\BasePlugin.php, line 262
Cake\Http\BaseApplication::pluginRoutes() E:\xampp_7.2\htdocs\openemis_core_v4\vendor\cakephp\cakephp\src\Http\BaseApplication.php, line 211
Cake\Routing\Middleware\RoutingMiddleware::prepareRouteCollection() E:\xampp_7.2\htdocs\openemis_core_v4\vendor\cakephp\cakephp\src\Routing\Middleware\RoutingMiddleware.php, line 137
Cake\Routing\Middleware\RoutingMiddleware::buildRouteCollection() E:\xampp_7.2\htdocs\openemis_core_v4\vendor\cakephp\cakephp\src\Routing\Middleware\RoutingMiddleware.php, line 124
Cake\Routing\Middleware\RoutingMiddleware::loadRoutes() E:\xampp_7.2\htdocs\openemis_core_v4\vendor\cakephp\cakephp\src\Routing\Middleware\RoutingMiddleware.php, line 95
Cake\Routing\Middleware\RoutingMiddleware::process() E:\xampp_7.2\htdocs\openemis_core_v4\vendor\cakephp\cakephp\src\Routing\Middleware\RoutingMiddleware.php, line 155
Cake\Http\Runner::handle() E:\xampp_7.2\htdocs\openemis_core_v4\vendor\cakephp\cakephp\src\Http\Runner.php, line 82
Cake\Routing\Middleware\AssetMiddleware::process() E:\xampp_7.2\htdocs\openemis_core_v4\vendor\cakephp\cakephp\src\Routing\Middleware\AssetMiddleware.php, line 77
Cake\Http\Runner::handle() E:\xampp_7.2\htdocs\openemis_core_v4\vendor\cakephp\cakephp\src\Http\Runner.php, line 82
Cake\Error\Middleware\ErrorHandlerMiddleware::process() E:\xampp_7.2\htdocs\openemis_core_v4\vendor\cakephp\cakephp\src\Error\Middleware\ErrorHandlerMiddleware.php, line 131
Cake\Http\Runner::handle() E:\xampp_7.2\htdocs\openemis_core_v4\vendor\cakephp\cakephp\src\Http\Runner.php, line 82
Cake\Http\Runner::run() E:\xampp_7.2\htdocs\openemis_core_v4\vendor\cakephp\cakephp\src\Http\Runner.php, line 67
Cake\Http\Server::run() E:\xampp_7.2\htdocs\openemis_core_v4\vendor\cakephp\cakephp\src\Http\Server.php, line 90
[main] E:\xampp_7.2\htdocs\openemis_core_v4\webroot\index.php, line 40

2024-02-01 10:01:55 notice: `Router::scope()` is deprecated, use the non-static method `RouteBuilder::scope()` instead.
E:\xampp_7.2\htdocs\openemis_core_v4\plugins\Profile\config\routes.php, line: 20
You can disable all deprecation warnings by setting `Error.errorLevel` to `E_ALL & ~E_USER_DEPRECATED`. Adding `plugins/Profile/config/routes.php` to `Error.ignoredDeprecationPaths` in your `config/app.php` config will mute deprecations from that file only.
Request URL: /Directory/Directories/Directories/view/eyJpZCI6bnVsbH0.NzQxNDY3ODllMWMyMWE0NTFkNzVjNTU2NjdhZDY2MWRiNjY2MGZjY2I1YjExNzMwN2Y0NTY5MWQzMGU5ZDUyMA
Referer URL: https://localhost/openemis_core_v4/Directory/Directories/Directories/view/eyJpZCI6MTMxMX0.NTk3Y2Q3MWQ3YWFiNWM4MjI0MjMzZGVjNGY1YzM5MmE2YjZhYmI1MDQ0ZDBiODU2NDQ1MWY2NDU4M2E2Y2QxMA
Client IP: 127.0.0.1
Trace:
deprecationWarning E:\xampp_7.2\htdocs\openemis_core_v4\vendor\cakephp\cakephp\src\Core\functions.php, line 328
Cake\Routing\Router::scope() E:\xampp_7.2\htdocs\openemis_core_v4\vendor\cakephp\cakephp\src\Routing\Router.php, line 848
require E:\xampp_7.2\htdocs\openemis_core_v4\plugins\Profile\config\routes.php, line 20
Cake\Core\BasePlugin::routes() E:\xampp_7.2\htdocs\openemis_core_v4\vendor\cakephp\cakephp\src\Core\BasePlugin.php, line 262
Cake\Http\BaseApplication::pluginRoutes() E:\xampp_7.2\htdocs\openemis_core_v4\vendor\cakephp\cakephp\src\Http\BaseApplication.php, line 211
Cake\Routing\Middleware\RoutingMiddleware::prepareRouteCollection() E:\xampp_7.2\htdocs\openemis_core_v4\vendor\cakephp\cakephp\src\Routing\Middleware\RoutingMiddleware.php, line 137
Cake\Routing\Middleware\RoutingMiddleware::buildRouteCollection() E:\xampp_7.2\htdocs\openemis_core_v4\vendor\cakephp\cakephp\src\Routing\Middleware\RoutingMiddleware.php, line 124
Cake\Routing\Middleware\RoutingMiddleware::loadRoutes() E:\xampp_7.2\htdocs\openemis_core_v4\vendor\cakephp\cakephp\src\Routing\Middleware\RoutingMiddleware.php, line 95
Cake\Routing\Middleware\RoutingMiddleware::process() E:\xampp_7.2\htdocs\openemis_core_v4\vendor\cakephp\cakephp\src\Routing\Middleware\RoutingMiddleware.php, line 155
Cake\Http\Runner::handle() E:\xampp_7.2\htdocs\openemis_core_v4\vendor\cakephp\cakephp\src\Http\Runner.php, line 82
Cake\Routing\Middleware\AssetMiddleware::process() E:\xampp_7.2\htdocs\openemis_core_v4\vendor\cakephp\cakephp\src\Routing\Middleware\AssetMiddleware.php, line 77
Cake\Http\Runner::handle() E:\xampp_7.2\htdocs\openemis_core_v4\vendor\cakephp\cakephp\src\Http\Runner.php, line 82
Cake\Error\Middleware\ErrorHandlerMiddleware::process() E:\xampp_7.2\htdocs\openemis_core_v4\vendor\cakephp\cakephp\src\Error\Middleware\ErrorHandlerMiddleware.php, line 131
Cake\Http\Runner::handle() E:\xampp_7.2\htdocs\openemis_core_v4\vendor\cakephp\cakephp\src\Http\Runner.php, line 82
Cake\Http\Runner::run() E:\xampp_7.2\htdocs\openemis_core_v4\vendor\cakephp\cakephp\src\Http\Runner.php, line 67
Cake\Http\Server::run() E:\xampp_7.2\htdocs\openemis_core_v4\vendor\cakephp\cakephp\src\Http\Server.php, line 90
[main] E:\xampp_7.2\htdocs\openemis_core_v4\webroot\index.php, line 40

2024-02-01 10:01:55 notice: `Router::scope()` is deprecated, use the non-static method `RouteBuilder::scope()` instead.
E:\xampp_7.2\htdocs\openemis_core_v4\plugins\Transport\config\routes.php, line: 16
You can disable all deprecation warnings by setting `Error.errorLevel` to `E_ALL & ~E_USER_DEPRECATED`. Adding `plugins/Transport/config/routes.php` to `Error.ignoredDeprecationPaths` in your `config/app.php` config will mute deprecations from that file only.
Request URL: /Directory/Directories/Directories/view/eyJpZCI6bnVsbH0.NzQxNDY3ODllMWMyMWE0NTFkNzVjNTU2NjdhZDY2MWRiNjY2MGZjY2I1YjExNzMwN2Y0NTY5MWQzMGU5ZDUyMA
Referer URL: https://localhost/openemis_core_v4/Directory/Directories/Directories/view/eyJpZCI6MTMxMX0.NTk3Y2Q3MWQ3YWFiNWM4MjI0MjMzZGVjNGY1YzM5MmE2YjZhYmI1MDQ0ZDBiODU2NDQ1MWY2NDU4M2E2Y2QxMA
Client IP: 127.0.0.1
Trace:
deprecationWarning E:\xampp_7.2\htdocs\openemis_core_v4\vendor\cakephp\cakephp\src\Core\functions.php, line 328
Cake\Routing\Router::scope() E:\xampp_7.2\htdocs\openemis_core_v4\vendor\cakephp\cakephp\src\Routing\Router.php, line 848
require E:\xampp_7.2\htdocs\openemis_core_v4\plugins\Transport\config\routes.php, line 16
Cake\Core\BasePlugin::routes() E:\xampp_7.2\htdocs\openemis_core_v4\vendor\cakephp\cakephp\src\Core\BasePlugin.php, line 262
Cake\Http\BaseApplication::pluginRoutes() E:\xampp_7.2\htdocs\openemis_core_v4\vendor\cakephp\cakephp\src\Http\BaseApplication.php, line 211
Cake\Routing\Middleware\RoutingMiddleware::prepareRouteCollection() E:\xampp_7.2\htdocs\openemis_core_v4\vendor\cakephp\cakephp\src\Routing\Middleware\RoutingMiddleware.php, line 137
Cake\Routing\Middleware\RoutingMiddleware::buildRouteCollection() E:\xampp_7.2\htdocs\openemis_core_v4\vendor\cakephp\cakephp\src\Routing\Middleware\RoutingMiddleware.php, line 124
Cake\Routing\Middleware\RoutingMiddleware::loadRoutes() E:\xampp_7.2\htdocs\openemis_core_v4\vendor\cakephp\cakephp\src\Routing\Middleware\RoutingMiddleware.php, line 95
Cake\Routing\Middleware\RoutingMiddleware::process() E:\xampp_7.2\htdocs\openemis_core_v4\vendor\cakephp\cakephp\src\Routing\Middleware\RoutingMiddleware.php, line 155
Cake\Http\Runner::handle() E:\xampp_7.2\htdocs\openemis_core_v4\vendor\cakephp\cakephp\src\Http\Runner.php, line 82
Cake\Routing\Middleware\AssetMiddleware::process() E:\xampp_7.2\htdocs\openemis_core_v4\vendor\cakephp\cakephp\src\Routing\Middleware\AssetMiddleware.php, line 77
Cake\Http\Runner::handle() E:\xampp_7.2\htdocs\openemis_core_v4\vendor\cakephp\cakephp\src\Http\Runner.php, line 82
Cake\Error\Middleware\ErrorHandlerMiddleware::process() E:\xampp_7.2\htdocs\openemis_core_v4\vendor\cakephp\cakephp\src\Error\Middleware\ErrorHandlerMiddleware.php, line 131
Cake\Http\Runner::handle() E:\xampp_7.2\htdocs\openemis_core_v4\vendor\cakephp\cakephp\src\Http\Runner.php, line 82
Cake\Http\Runner::run() E:\xampp_7.2\htdocs\openemis_core_v4\vendor\cakephp\cakephp\src\Http\Runner.php, line 67
Cake\Http\Server::run() E:\xampp_7.2\htdocs\openemis_core_v4\vendor\cakephp\cakephp\src\Http\Server.php, line 90
[main] E:\xampp_7.2\htdocs\openemis_core_v4\webroot\index.php, line 40

2024-02-01 10:01:55 notice: `Router::scope()` is deprecated, use the non-static method `RouteBuilder::scope()` instead.
E:\xampp_7.2\htdocs\openemis_core_v4\plugins\Installer\config\routes.php, line: 7
You can disable all deprecation warnings by setting `Error.errorLevel` to `E_ALL & ~E_USER_DEPRECATED`. Adding `plugins/Installer/config/routes.php` to `Error.ignoredDeprecationPaths` in your `config/app.php` config will mute deprecations from that file only.
Request URL: /Directory/Directories/Directories/view/eyJpZCI6bnVsbH0.NzQxNDY3ODllMWMyMWE0NTFkNzVjNTU2NjdhZDY2MWRiNjY2MGZjY2I1YjExNzMwN2Y0NTY5MWQzMGU5ZDUyMA
Referer URL: https://localhost/openemis_core_v4/Directory/Directories/Directories/view/eyJpZCI6MTMxMX0.NTk3Y2Q3MWQ3YWFiNWM4MjI0MjMzZGVjNGY1YzM5MmE2YjZhYmI1MDQ0ZDBiODU2NDQ1MWY2NDU4M2E2Y2QxMA
Client IP: 127.0.0.1
Trace:
deprecationWarning E:\xampp_7.2\htdocs\openemis_core_v4\vendor\cakephp\cakephp\src\Core\functions.php, line 328
Cake\Routing\Router::scope() E:\xampp_7.2\htdocs\openemis_core_v4\vendor\cakephp\cakephp\src\Routing\Router.php, line 848
require E:\xampp_7.2\htdocs\openemis_core_v4\plugins\Installer\config\routes.php, line 7
Cake\Core\BasePlugin::routes() E:\xampp_7.2\htdocs\openemis_core_v4\vendor\cakephp\cakephp\src\Core\BasePlugin.php, line 262
Cake\Http\BaseApplication::pluginRoutes() E:\xampp_7.2\htdocs\openemis_core_v4\vendor\cakephp\cakephp\src\Http\BaseApplication.php, line 211
Cake\Routing\Middleware\RoutingMiddleware::prepareRouteCollection() E:\xampp_7.2\htdocs\openemis_core_v4\vendor\cakephp\cakephp\src\Routing\Middleware\RoutingMiddleware.php, line 137
Cake\Routing\Middleware\RoutingMiddleware::buildRouteCollection() E:\xampp_7.2\htdocs\openemis_core_v4\vendor\cakephp\cakephp\src\Routing\Middleware\RoutingMiddleware.php, line 124
Cake\Routing\Middleware\RoutingMiddleware::loadRoutes() E:\xampp_7.2\htdocs\openemis_core_v4\vendor\cakephp\cakephp\src\Routing\Middleware\RoutingMiddleware.php, line 95
Cake\Routing\Middleware\RoutingMiddleware::process() E:\xampp_7.2\htdocs\openemis_core_v4\vendor\cakephp\cakephp\src\Routing\Middleware\RoutingMiddleware.php, line 155
Cake\Http\Runner::handle() E:\xampp_7.2\htdocs\openemis_core_v4\vendor\cakephp\cakephp\src\Http\Runner.php, line 82
Cake\Routing\Middleware\AssetMiddleware::process() E:\xampp_7.2\htdocs\openemis_core_v4\vendor\cakephp\cakephp\src\Routing\Middleware\AssetMiddleware.php, line 77
Cake\Http\Runner::handle() E:\xampp_7.2\htdocs\openemis_core_v4\vendor\cakephp\cakephp\src\Http\Runner.php, line 82
Cake\Error\Middleware\ErrorHandlerMiddleware::process() E:\xampp_7.2\htdocs\openemis_core_v4\vendor\cakephp\cakephp\src\Error\Middleware\ErrorHandlerMiddleware.php, line 131
Cake\Http\Runner::handle() E:\xampp_7.2\htdocs\openemis_core_v4\vendor\cakephp\cakephp\src\Http\Runner.php, line 82
Cake\Http\Runner::run() E:\xampp_7.2\htdocs\openemis_core_v4\vendor\cakephp\cakephp\src\Http\Runner.php, line 67
Cake\Http\Server::run() E:\xampp_7.2\htdocs\openemis_core_v4\vendor\cakephp\cakephp\src\Http\Server.php, line 90
[main] E:\xampp_7.2\htdocs\openemis_core_v4\webroot\index.php, line 40

2024-02-01 10:01:55 notice: `Router::connect()` is deprecated, use the non-static method `RouteBuilder::connect()` instead.
E:\xampp_7.2\htdocs\openemis_core_v4\plugins\Installer\config\routes.php, line: 5
You can disable all deprecation warnings by setting `Error.errorLevel` to `E_ALL & ~E_USER_DEPRECATED`. Adding `plugins/Installer/config/routes.php` to `Error.ignoredDeprecationPaths` in your `config/app.php` config will mute deprecations from that file only.
Request URL: /Directory/Directories/Directories/view/eyJpZCI6bnVsbH0.NzQxNDY3ODllMWMyMWE0NTFkNzVjNTU2NjdhZDY2MWRiNjY2MGZjY2I1YjExNzMwN2Y0NTY5MWQzMGU5ZDUyMA
Referer URL: https://localhost/openemis_core_v4/Directory/Directories/Directories/view/eyJpZCI6MTMxMX0.NTk3Y2Q3MWQ3YWFiNWM4MjI0MjMzZGVjNGY1YzM5MmE2YjZhYmI1MDQ0ZDBiODU2NDQ1MWY2NDU4M2E2Y2QxMA
Client IP: 127.0.0.1
Trace:
deprecationWarning E:\xampp_7.2\htdocs\openemis_core_v4\vendor\cakephp\cakephp\src\Core\functions.php, line 328
Cake\Routing\Router::connect() E:\xampp_7.2\htdocs\openemis_core_v4\vendor\cakephp\cakephp\src\Routing\Router.php, line 214
Cake\Core\BasePlugin::{closure}() E:\xampp_7.2\htdocs\openemis_core_v4\plugins\Installer\config\routes.php, line 5
Cake\Routing\RouteBuilder::scope() E:\xampp_7.2\htdocs\openemis_core_v4\vendor\cakephp\cakephp\src\Routing\RouteBuilder.php, line 946
Cake\Routing\Router::scope() E:\xampp_7.2\htdocs\openemis_core_v4\vendor\cakephp\cakephp\src\Routing\Router.php, line 857
require E:\xampp_7.2\htdocs\openemis_core_v4\plugins\Installer\config\routes.php, line 7
Cake\Core\BasePlugin::routes() E:\xampp_7.2\htdocs\openemis_core_v4\vendor\cakephp\cakephp\src\Core\BasePlugin.php, line 262
Cake\Http\BaseApplication::pluginRoutes() E:\xampp_7.2\htdocs\openemis_core_v4\vendor\cakephp\cakephp\src\Http\BaseApplication.php, line 211
Cake\Routing\Middleware\RoutingMiddleware::prepareRouteCollection() E:\xampp_7.2\htdocs\openemis_core_v4\vendor\cakephp\cakephp\src\Routing\Middleware\RoutingMiddleware.php, line 137
Cake\Routing\Middleware\RoutingMiddleware::buildRouteCollection() E:\xampp_7.2\htdocs\openemis_core_v4\vendor\cakephp\cakephp\src\Routing\Middleware\RoutingMiddleware.php, line 124
Cake\Routing\Middleware\RoutingMiddleware::loadRoutes() E:\xampp_7.2\htdocs\openemis_core_v4\vendor\cakephp\cakephp\src\Routing\Middleware\RoutingMiddleware.php, line 95
Cake\Routing\Middleware\RoutingMiddleware::process() E:\xampp_7.2\htdocs\openemis_core_v4\vendor\cakephp\cakephp\src\Routing\Middleware\RoutingMiddleware.php, line 155
Cake\Http\Runner::handle() E:\xampp_7.2\htdocs\openemis_core_v4\vendor\cakephp\cakephp\src\Http\Runner.php, line 82
Cake\Routing\Middleware\AssetMiddleware::process() E:\xampp_7.2\htdocs\openemis_core_v4\vendor\cakephp\cakephp\src\Routing\Middleware\AssetMiddleware.php, line 77
Cake\Http\Runner::handle() E:\xampp_7.2\htdocs\openemis_core_v4\vendor\cakephp\cakephp\src\Http\Runner.php, line 82
Cake\Error\Middleware\ErrorHandlerMiddleware::process() E:\xampp_7.2\htdocs\openemis_core_v4\vendor\cakephp\cakephp\src\Error\Middleware\ErrorHandlerMiddleware.php, line 131
Cake\Http\Runner::handle() E:\xampp_7.2\htdocs\openemis_core_v4\vendor\cakephp\cakephp\src\Http\Runner.php, line 82
Cake\Http\Runner::run() E:\xampp_7.2\htdocs\openemis_core_v4\vendor\cakephp\cakephp\src\Http\Runner.php, line 67
Cake\Http\Server::run() E:\xampp_7.2\htdocs\openemis_core_v4\vendor\cakephp\cakephp\src\Http\Server.php, line 90
[main] E:\xampp_7.2\htdocs\openemis_core_v4\webroot\index.php, line 40

2024-02-01 10:01:55 notice: `Router::connect()` is deprecated, use the non-static method `RouteBuilder::connect()` instead.
E:\xampp_7.2\htdocs\openemis_core_v4\plugins\Installer\config\routes.php, line: 6
You can disable all deprecation warnings by setting `Error.errorLevel` to `E_ALL & ~E_USER_DEPRECATED`. Adding `plugins/Installer/config/routes.php` to `Error.ignoredDeprecationPaths` in your `config/app.php` config will mute deprecations from that file only.
Request URL: /Directory/Directories/Directories/view/eyJpZCI6bnVsbH0.NzQxNDY3ODllMWMyMWE0NTFkNzVjNTU2NjdhZDY2MWRiNjY2MGZjY2I1YjExNzMwN2Y0NTY5MWQzMGU5ZDUyMA
Referer URL: https://localhost/openemis_core_v4/Directory/Directories/Directories/view/eyJpZCI6MTMxMX0.NTk3Y2Q3MWQ3YWFiNWM4MjI0MjMzZGVjNGY1YzM5MmE2YjZhYmI1MDQ0ZDBiODU2NDQ1MWY2NDU4M2E2Y2QxMA
Client IP: 127.0.0.1
Trace:
deprecationWarning E:\xampp_7.2\htdocs\openemis_core_v4\vendor\cakephp\cakephp\src\Core\functions.php, line 328
Cake\Routing\Router::connect() E:\xampp_7.2\htdocs\openemis_core_v4\vendor\cakephp\cakephp\src\Routing\Router.php, line 214
Cake\Core\BasePlugin::{closure}() E:\xampp_7.2\htdocs\openemis_core_v4\plugins\Installer\config\routes.php, line 6
Cake\Routing\RouteBuilder::scope() E:\xampp_7.2\htdocs\openemis_core_v4\vendor\cakephp\cakephp\src\Routing\RouteBuilder.php, line 946
Cake\Routing\Router::scope() E:\xampp_7.2\htdocs\openemis_core_v4\vendor\cakephp\cakephp\src\Routing\Router.php, line 857
require E:\xampp_7.2\htdocs\openemis_core_v4\plugins\Installer\config\routes.php, line 7
Cake\Core\BasePlugin::routes() E:\xampp_7.2\htdocs\openemis_core_v4\vendor\cakephp\cakephp\src\Core\BasePlugin.php, line 262
Cake\Http\BaseApplication::pluginRoutes() E:\xampp_7.2\htdocs\openemis_core_v4\vendor\cakephp\cakephp\src\Http\BaseApplication.php, line 211
Cake\Routing\Middleware\RoutingMiddleware::prepareRouteCollection() E:\xampp_7.2\htdocs\openemis_core_v4\vendor\cakephp\cakephp\src\Routing\Middleware\RoutingMiddleware.php, line 137
Cake\Routing\Middleware\RoutingMiddleware::buildRouteCollection() E:\xampp_7.2\htdocs\openemis_core_v4\vendor\cakephp\cakephp\src\Routing\Middleware\RoutingMiddleware.php, line 124
Cake\Routing\Middleware\RoutingMiddleware::loadRoutes() E:\xampp_7.2\htdocs\openemis_core_v4\vendor\cakephp\cakephp\src\Routing\Middleware\RoutingMiddleware.php, line 95
Cake\Routing\Middleware\RoutingMiddleware::process() E:\xampp_7.2\htdocs\openemis_core_v4\vendor\cakephp\cakephp\src\Routing\Middleware\RoutingMiddleware.php, line 155
Cake\Http\Runner::handle() E:\xampp_7.2\htdocs\openemis_core_v4\vendor\cakephp\cakephp\src\Http\Runner.php, line 82
Cake\Routing\Middleware\AssetMiddleware::process() E:\xampp_7.2\htdocs\openemis_core_v4\vendor\cakephp\cakephp\src\Routing\Middleware\AssetMiddleware.php, line 77
Cake\Http\Runner::handle() E:\xampp_7.2\htdocs\openemis_core_v4\vendor\cakephp\cakephp\src\Http\Runner.php, line 82
Cake\Error\Middleware\ErrorHandlerMiddleware::process() E:\xampp_7.2\htdocs\openemis_core_v4\vendor\cakephp\cakephp\src\Error\Middleware\ErrorHandlerMiddleware.php, line 131
Cake\Http\Runner::handle() E:\xampp_7.2\htdocs\openemis_core_v4\vendor\cakephp\cakephp\src\Http\Runner.php, line 82
Cake\Http\Runner::run() E:\xampp_7.2\htdocs\openemis_core_v4\vendor\cakephp\cakephp\src\Http\Runner.php, line 67
Cake\Http\Server::run() E:\xampp_7.2\htdocs\openemis_core_v4\vendor\cakephp\cakephp\src\Http\Server.php, line 90
[main] E:\xampp_7.2\htdocs\openemis_core_v4\webroot\index.php, line 40

2024-02-01 10:01:55 notice: `Router::scope()` is deprecated, use the non-static method `RouteBuilder::scope()` instead.
E:\xampp_7.2\htdocs\openemis_core_v4\plugins\Outcome\config\routes.php, line: 6
You can disable all deprecation warnings by setting `Error.errorLevel` to `E_ALL & ~E_USER_DEPRECATED`. Adding `plugins/Outcome/config/routes.php` to `Error.ignoredDeprecationPaths` in your `config/app.php` config will mute deprecations from that file only.
Request URL: /Directory/Directories/Directories/view/eyJpZCI6bnVsbH0.NzQxNDY3ODllMWMyMWE0NTFkNzVjNTU2NjdhZDY2MWRiNjY2MGZjY2I1YjExNzMwN2Y0NTY5MWQzMGU5ZDUyMA
Referer URL: https://localhost/openemis_core_v4/Directory/Directories/Directories/view/eyJpZCI6MTMxMX0.NTk3Y2Q3MWQ3YWFiNWM4MjI0MjMzZGVjNGY1YzM5MmE2YjZhYmI1MDQ0ZDBiODU2NDQ1MWY2NDU4M2E2Y2QxMA
Client IP: 127.0.0.1
Trace:
deprecationWarning E:\xampp_7.2\htdocs\openemis_core_v4\vendor\cakephp\cakephp\src\Core\functions.php, line 328
Cake\Routing\Router::scope() E:\xampp_7.2\htdocs\openemis_core_v4\vendor\cakephp\cakephp\src\Routing\Router.php, line 848
require E:\xampp_7.2\htdocs\openemis_core_v4\plugins\Outcome\config\routes.php, line 6
Cake\Core\BasePlugin::routes() E:\xampp_7.2\htdocs\openemis_core_v4\vendor\cakephp\cakephp\src\Core\BasePlugin.php, line 262
Cake\Http\BaseApplication::pluginRoutes() E:\xampp_7.2\htdocs\openemis_core_v4\vendor\cakephp\cakephp\src\Http\BaseApplication.php, line 211
Cake\Routing\Middleware\RoutingMiddleware::prepareRouteCollection() E:\xampp_7.2\htdocs\openemis_core_v4\vendor\cakephp\cakephp\src\Routing\Middleware\RoutingMiddleware.php, line 137
Cake\Routing\Middleware\RoutingMiddleware::buildRouteCollection() E:\xampp_7.2\htdocs\openemis_core_v4\vendor\cakephp\cakephp\src\Routing\Middleware\RoutingMiddleware.php, line 124
Cake\Routing\Middleware\RoutingMiddleware::loadRoutes() E:\xampp_7.2\htdocs\openemis_core_v4\vendor\cakephp\cakephp\src\Routing\Middleware\RoutingMiddleware.php, line 95
Cake\Routing\Middleware\RoutingMiddleware::process() E:\xampp_7.2\htdocs\openemis_core_v4\vendor\cakephp\cakephp\src\Routing\Middleware\RoutingMiddleware.php, line 155
Cake\Http\Runner::handle() E:\xampp_7.2\htdocs\openemis_core_v4\vendor\cakephp\cakephp\src\Http\Runner.php, line 82
Cake\Routing\Middleware\AssetMiddleware::process() E:\xampp_7.2\htdocs\openemis_core_v4\vendor\cakephp\cakephp\src\Routing\Middleware\AssetMiddleware.php, line 77
Cake\Http\Runner::handle() E:\xampp_7.2\htdocs\openemis_core_v4\vendor\cakephp\cakephp\src\Http\Runner.php, line 82
Cake\Error\Middleware\ErrorHandlerMiddleware::process() E:\xampp_7.2\htdocs\openemis_core_v4\vendor\cakephp\cakephp\src\Error\Middleware\ErrorHandlerMiddleware.php, line 131
Cake\Http\Runner::handle() E:\xampp_7.2\htdocs\openemis_core_v4\vendor\cakephp\cakephp\src\Http\Runner.php, line 82
Cake\Http\Runner::run() E:\xampp_7.2\htdocs\openemis_core_v4\vendor\cakephp\cakephp\src\Http\Runner.php, line 67
Cake\Http\Server::run() E:\xampp_7.2\htdocs\openemis_core_v4\vendor\cakephp\cakephp\src\Http\Server.php, line 90
[main] E:\xampp_7.2\htdocs\openemis_core_v4\webroot\index.php, line 40

2024-02-01 10:01:55 notice: `Router::scope()` is deprecated, use the non-static method `RouteBuilder::scope()` instead.
E:\xampp_7.2\htdocs\openemis_core_v4\plugins\Theme\config\routes.php, line: 7
You can disable all deprecation warnings by setting `Error.errorLevel` to `E_ALL & ~E_USER_DEPRECATED`. Adding `plugins/Theme/config/routes.php` to `Error.ignoredDeprecationPaths` in your `config/app.php` config will mute deprecations from that file only.
Request URL: /Directory/Directories/Directories/view/eyJpZCI6bnVsbH0.NzQxNDY3ODllMWMyMWE0NTFkNzVjNTU2NjdhZDY2MWRiNjY2MGZjY2I1YjExNzMwN2Y0NTY5MWQzMGU5ZDUyMA
Referer URL: https://localhost/openemis_core_v4/Directory/Directories/Directories/view/eyJpZCI6MTMxMX0.NTk3Y2Q3MWQ3YWFiNWM4MjI0MjMzZGVjNGY1YzM5MmE2YjZhYmI1MDQ0ZDBiODU2NDQ1MWY2NDU4M2E2Y2QxMA
Client IP: 127.0.0.1
Trace:
deprecationWarning E:\xampp_7.2\htdocs\openemis_core_v4\vendor\cakephp\cakephp\src\Core\functions.php, line 328
Cake\Routing\Router::scope() E:\xampp_7.2\htdocs\openemis_core_v4\vendor\cakephp\cakephp\src\Routing\Router.php, line 848
require E:\xampp_7.2\htdocs\openemis_core_v4\plugins\Theme\config\routes.php, line 7
Cake\Core\BasePlugin::routes() E:\xampp_7.2\htdocs\openemis_core_v4\vendor\cakephp\cakephp\src\Core\BasePlugin.php, line 262
Cake\Http\BaseApplication::pluginRoutes() E:\xampp_7.2\htdocs\openemis_core_v4\vendor\cakephp\cakephp\src\Http\BaseApplication.php, line 211
Cake\Routing\Middleware\RoutingMiddleware::prepareRouteCollection() E:\xampp_7.2\htdocs\openemis_core_v4\vendor\cakephp\cakephp\src\Routing\Middleware\RoutingMiddleware.php, line 137
Cake\Routing\Middleware\RoutingMiddleware::buildRouteCollection() E:\xampp_7.2\htdocs\openemis_core_v4\vendor\cakephp\cakephp\src\Routing\Middleware\RoutingMiddleware.php, line 124
Cake\Routing\Middleware\RoutingMiddleware::loadRoutes() E:\xampp_7.2\htdocs\openemis_core_v4\vendor\cakephp\cakephp\src\Routing\Middleware\RoutingMiddleware.php, line 95
Cake\Routing\Middleware\RoutingMiddleware::process() E:\xampp_7.2\htdocs\openemis_core_v4\vendor\cakephp\cakephp\src\Routing\Middleware\RoutingMiddleware.php, line 155
Cake\Http\Runner::handle() E:\xampp_7.2\htdocs\openemis_core_v4\vendor\cakephp\cakephp\src\Http\Runner.php, line 82
Cake\Routing\Middleware\AssetMiddleware::process() E:\xampp_7.2\htdocs\openemis_core_v4\vendor\cakephp\cakephp\src\Routing\Middleware\AssetMiddleware.php, line 77
Cake\Http\Runner::handle() E:\xampp_7.2\htdocs\openemis_core_v4\vendor\cakephp\cakephp\src\Http\Runner.php, line 82
Cake\Error\Middleware\ErrorHandlerMiddleware::process() E:\xampp_7.2\htdocs\openemis_core_v4\vendor\cakephp\cakephp\src\Error\Middleware\ErrorHandlerMiddleware.php, line 131
Cake\Http\Runner::handle() E:\xampp_7.2\htdocs\openemis_core_v4\vendor\cakephp\cakephp\src\Http\Runner.php, line 82
Cake\Http\Runner::run() E:\xampp_7.2\htdocs\openemis_core_v4\vendor\cakephp\cakephp\src\Http\Runner.php, line 67
Cake\Http\Server::run() E:\xampp_7.2\htdocs\openemis_core_v4\vendor\cakephp\cakephp\src\Http\Server.php, line 90
[main] E:\xampp_7.2\htdocs\openemis_core_v4\webroot\index.php, line 40

2024-02-01 10:01:55 notice: `Router::connect()` is deprecated, use the non-static method `RouteBuilder::connect()` instead.
E:\xampp_7.2\htdocs\openemis_core_v4\plugins\Theme\config\routes.php, line: 5
You can disable all deprecation warnings by setting `Error.errorLevel` to `E_ALL & ~E_USER_DEPRECATED`. Adding `plugins/Theme/config/routes.php` to `Error.ignoredDeprecationPaths` in your `config/app.php` config will mute deprecations from that file only.
Request URL: /Directory/Directories/Directories/view/eyJpZCI6bnVsbH0.NzQxNDY3ODllMWMyMWE0NTFkNzVjNTU2NjdhZDY2MWRiNjY2MGZjY2I1YjExNzMwN2Y0NTY5MWQzMGU5ZDUyMA
Referer URL: https://localhost/openemis_core_v4/Directory/Directories/Directories/view/eyJpZCI6MTMxMX0.NTk3Y2Q3MWQ3YWFiNWM4MjI0MjMzZGVjNGY1YzM5MmE2YjZhYmI1MDQ0ZDBiODU2NDQ1MWY2NDU4M2E2Y2QxMA
Client IP: 127.0.0.1
Trace:
deprecationWarning E:\xampp_7.2\htdocs\openemis_core_v4\vendor\cakephp\cakephp\src\Core\functions.php, line 328
Cake\Routing\Router::connect() E:\xampp_7.2\htdocs\openemis_core_v4\vendor\cakephp\cakephp\src\Routing\Router.php, line 214
Cake\Core\BasePlugin::{closure}() E:\xampp_7.2\htdocs\openemis_core_v4\plugins\Theme\config\routes.php, line 5
Cake\Routing\RouteBuilder::scope() E:\xampp_7.2\htdocs\openemis_core_v4\vendor\cakephp\cakephp\src\Routing\RouteBuilder.php, line 946
Cake\Routing\Router::scope() E:\xampp_7.2\htdocs\openemis_core_v4\vendor\cakephp\cakephp\src\Routing\Router.php, line 857
require E:\xampp_7.2\htdocs\openemis_core_v4\plugins\Theme\config\routes.php, line 7
Cake\Core\BasePlugin::routes() E:\xampp_7.2\htdocs\openemis_core_v4\vendor\cakephp\cakephp\src\Core\BasePlugin.php, line 262
Cake\Http\BaseApplication::pluginRoutes() E:\xampp_7.2\htdocs\openemis_core_v4\vendor\cakephp\cakephp\src\Http\BaseApplication.php, line 211
Cake\Routing\Middleware\RoutingMiddleware::prepareRouteCollection() E:\xampp_7.2\htdocs\openemis_core_v4\vendor\cakephp\cakephp\src\Routing\Middleware\RoutingMiddleware.php, line 137
Cake\Routing\Middleware\RoutingMiddleware::buildRouteCollection() E:\xampp_7.2\htdocs\openemis_core_v4\vendor\cakephp\cakephp\src\Routing\Middleware\RoutingMiddleware.php, line 124
Cake\Routing\Middleware\RoutingMiddleware::loadRoutes() E:\xampp_7.2\htdocs\openemis_core_v4\vendor\cakephp\cakephp\src\Routing\Middleware\RoutingMiddleware.php, line 95
Cake\Routing\Middleware\RoutingMiddleware::process() E:\xampp_7.2\htdocs\openemis_core_v4\vendor\cakephp\cakephp\src\Routing\Middleware\RoutingMiddleware.php, line 155
Cake\Http\Runner::handle() E:\xampp_7.2\htdocs\openemis_core_v4\vendor\cakephp\cakephp\src\Http\Runner.php, line 82
Cake\Routing\Middleware\AssetMiddleware::process() E:\xampp_7.2\htdocs\openemis_core_v4\vendor\cakephp\cakephp\src\Routing\Middleware\AssetMiddleware.php, line 77
Cake\Http\Runner::handle() E:\xampp_7.2\htdocs\openemis_core_v4\vendor\cakephp\cakephp\src\Http\Runner.php, line 82
Cake\Error\Middleware\ErrorHandlerMiddleware::process() E:\xampp_7.2\htdocs\openemis_core_v4\vendor\cakephp\cakephp\src\Error\Middleware\ErrorHandlerMiddleware.php, line 131
Cake\Http\Runner::handle() E:\xampp_7.2\htdocs\openemis_core_v4\vendor\cakephp\cakephp\src\Http\Runner.php, line 82
Cake\Http\Runner::run() E:\xampp_7.2\htdocs\openemis_core_v4\vendor\cakephp\cakephp\src\Http\Runner.php, line 67
Cake\Http\Server::run() E:\xampp_7.2\htdocs\openemis_core_v4\vendor\cakephp\cakephp\src\Http\Server.php, line 90
[main] E:\xampp_7.2\htdocs\openemis_core_v4\webroot\index.php, line 40

2024-02-01 10:01:55 notice: `Router::connect()` is deprecated, use the non-static method `RouteBuilder::connect()` instead.
E:\xampp_7.2\htdocs\openemis_core_v4\plugins\Theme\config\routes.php, line: 6
You can disable all deprecation warnings by setting `Error.errorLevel` to `E_ALL & ~E_USER_DEPRECATED`. Adding `plugins/Theme/config/routes.php` to `Error.ignoredDeprecationPaths` in your `config/app.php` config will mute deprecations from that file only.
Request URL: /Directory/Directories/Directories/view/eyJpZCI6bnVsbH0.NzQxNDY3ODllMWMyMWE0NTFkNzVjNTU2NjdhZDY2MWRiNjY2MGZjY2I1YjExNzMwN2Y0NTY5MWQzMGU5ZDUyMA
Referer URL: https://localhost/openemis_core_v4/Directory/Directories/Directories/view/eyJpZCI6MTMxMX0.NTk3Y2Q3MWQ3YWFiNWM4MjI0MjMzZGVjNGY1YzM5MmE2YjZhYmI1MDQ0ZDBiODU2NDQ1MWY2NDU4M2E2Y2QxMA
Client IP: 127.0.0.1
Trace:
deprecationWarning E:\xampp_7.2\htdocs\openemis_core_v4\vendor\cakephp\cakephp\src\Core\functions.php, line 328
Cake\Routing\Router::connect() E:\xampp_7.2\htdocs\openemis_core_v4\vendor\cakephp\cakephp\src\Routing\Router.php, line 214
Cake\Core\BasePlugin::{closure}() E:\xampp_7.2\htdocs\openemis_core_v4\plugins\Theme\config\routes.php, line 6
Cake\Routing\RouteBuilder::scope() E:\xampp_7.2\htdocs\openemis_core_v4\vendor\cakephp\cakephp\src\Routing\RouteBuilder.php, line 946
Cake\Routing\Router::scope() E:\xampp_7.2\htdocs\openemis_core_v4\vendor\cakephp\cakephp\src\Routing\Router.php, line 857
require E:\xampp_7.2\htdocs\openemis_core_v4\plugins\Theme\config\routes.php, line 7
Cake\Core\BasePlugin::routes() E:\xampp_7.2\htdocs\openemis_core_v4\vendor\cakephp\cakephp\src\Core\BasePlugin.php, line 262
Cake\Http\BaseApplication::pluginRoutes() E:\xampp_7.2\htdocs\openemis_core_v4\vendor\cakephp\cakephp\src\Http\BaseApplication.php, line 211
Cake\Routing\Middleware\RoutingMiddleware::prepareRouteCollection() E:\xampp_7.2\htdocs\openemis_core_v4\vendor\cakephp\cakephp\src\Routing\Middleware\RoutingMiddleware.php, line 137
Cake\Routing\Middleware\RoutingMiddleware::buildRouteCollection() E:\xampp_7.2\htdocs\openemis_core_v4\vendor\cakephp\cakephp\src\Routing\Middleware\RoutingMiddleware.php, line 124
Cake\Routing\Middleware\RoutingMiddleware::loadRoutes() E:\xampp_7.2\htdocs\openemis_core_v4\vendor\cakephp\cakephp\src\Routing\Middleware\RoutingMiddleware.php, line 95
Cake\Routing\Middleware\RoutingMiddleware::process() E:\xampp_7.2\htdocs\openemis_core_v4\vendor\cakephp\cakephp\src\Routing\Middleware\RoutingMiddleware.php, line 155
Cake\Http\Runner::handle() E:\xampp_7.2\htdocs\openemis_core_v4\vendor\cakephp\cakephp\src\Http\Runner.php, line 82
Cake\Routing\Middleware\AssetMiddleware::process() E:\xampp_7.2\htdocs\openemis_core_v4\vendor\cakephp\cakephp\src\Routing\Middleware\AssetMiddleware.php, line 77
Cake\Http\Runner::handle() E:\xampp_7.2\htdocs\openemis_core_v4\vendor\cakephp\cakephp\src\Http\Runner.php, line 82
Cake\Error\Middleware\ErrorHandlerMiddleware::process() E:\xampp_7.2\htdocs\openemis_core_v4\vendor\cakephp\cakephp\src\Error\Middleware\ErrorHandlerMiddleware.php, line 131
Cake\Http\Runner::handle() E:\xampp_7.2\htdocs\openemis_core_v4\vendor\cakephp\cakephp\src\Http\Runner.php, line 82
Cake\Http\Runner::run() E:\xampp_7.2\htdocs\openemis_core_v4\vendor\cakephp\cakephp\src\Http\Runner.php, line 67
Cake\Http\Server::run() E:\xampp_7.2\htdocs\openemis_core_v4\vendor\cakephp\cakephp\src\Http\Server.php, line 90
[main] E:\xampp_7.2\htdocs\openemis_core_v4\webroot\index.php, line 40

2024-02-01 10:01:55 notice: `Router::scope()` is deprecated, use the non-static method `RouteBuilder::scope()` instead.
E:\xampp_7.2\htdocs\openemis_core_v4\plugins\StaffAppraisal\config\routes.php, line: 6
You can disable all deprecation warnings by setting `Error.errorLevel` to `E_ALL & ~E_USER_DEPRECATED`. Adding `plugins/StaffAppraisal/config/routes.php` to `Error.ignoredDeprecationPaths` in your `config/app.php` config will mute deprecations from that file only.
Request URL: /Directory/Directories/Directories/view/eyJpZCI6bnVsbH0.NzQxNDY3ODllMWMyMWE0NTFkNzVjNTU2NjdhZDY2MWRiNjY2MGZjY2I1YjExNzMwN2Y0NTY5MWQzMGU5ZDUyMA
Referer URL: https://localhost/openemis_core_v4/Directory/Directories/Directories/view/eyJpZCI6MTMxMX0.NTk3Y2Q3MWQ3YWFiNWM4MjI0MjMzZGVjNGY1YzM5MmE2YjZhYmI1MDQ0ZDBiODU2NDQ1MWY2NDU4M2E2Y2QxMA
Client IP: 127.0.0.1
Trace:
deprecationWarning E:\xampp_7.2\htdocs\openemis_core_v4\vendor\cakephp\cakephp\src\Core\functions.php, line 328
Cake\Routing\Router::scope() E:\xampp_7.2\htdocs\openemis_core_v4\vendor\cakephp\cakephp\src\Routing\Router.php, line 848
require E:\xampp_7.2\htdocs\openemis_core_v4\plugins\StaffAppraisal\config\routes.php, line 6
Cake\Core\BasePlugin::routes() E:\xampp_7.2\htdocs\openemis_core_v4\vendor\cakephp\cakephp\src\Core\BasePlugin.php, line 262
Cake\Http\BaseApplication::pluginRoutes() E:\xampp_7.2\htdocs\openemis_core_v4\vendor\cakephp\cakephp\src\Http\BaseApplication.php, line 211
Cake\Routing\Middleware\RoutingMiddleware::prepareRouteCollection() E:\xampp_7.2\htdocs\openemis_core_v4\vendor\cakephp\cakephp\src\Routing\Middleware\RoutingMiddleware.php, line 137
Cake\Routing\Middleware\RoutingMiddleware::buildRouteCollection() E:\xampp_7.2\htdocs\openemis_core_v4\vendor\cakephp\cakephp\src\Routing\Middleware\RoutingMiddleware.php, line 124
Cake\Routing\Middleware\RoutingMiddleware::loadRoutes() E:\xampp_7.2\htdocs\openemis_core_v4\vendor\cakephp\cakephp\src\Routing\Middleware\RoutingMiddleware.php, line 95
Cake\Routing\Middleware\RoutingMiddleware::process() E:\xampp_7.2\htdocs\openemis_core_v4\vendor\cakephp\cakephp\src\Routing\Middleware\RoutingMiddleware.php, line 155
Cake\Http\Runner::handle() E:\xampp_7.2\htdocs\openemis_core_v4\vendor\cakephp\cakephp\src\Http\Runner.php, line 82
Cake\Routing\Middleware\AssetMiddleware::process() E:\xampp_7.2\htdocs\openemis_core_v4\vendor\cakephp\cakephp\src\Routing\Middleware\AssetMiddleware.php, line 77
Cake\Http\Runner::handle() E:\xampp_7.2\htdocs\openemis_core_v4\vendor\cakephp\cakephp\src\Http\Runner.php, line 82
Cake\Error\Middleware\ErrorHandlerMiddleware::process() E:\xampp_7.2\htdocs\openemis_core_v4\vendor\cakephp\cakephp\src\Error\Middleware\ErrorHandlerMiddleware.php, line 131
Cake\Http\Runner::handle() E:\xampp_7.2\htdocs\openemis_core_v4\vendor\cakephp\cakephp\src\Http\Runner.php, line 82
Cake\Http\Runner::run() E:\xampp_7.2\htdocs\openemis_core_v4\vendor\cakephp\cakephp\src\Http\Runner.php, line 67
Cake\Http\Server::run() E:\xampp_7.2\htdocs\openemis_core_v4\vendor\cakephp\cakephp\src\Http\Server.php, line 90
[main] E:\xampp_7.2\htdocs\openemis_core_v4\webroot\index.php, line 40

2024-02-01 10:01:55 notice: `Router::scope()` is deprecated, use the non-static method `RouteBuilder::scope()` instead.
E:\xampp_7.2\htdocs\openemis_core_v4\plugins\Attendance\config\routes.php, line: 7
You can disable all deprecation warnings by setting `Error.errorLevel` to `E_ALL & ~E_USER_DEPRECATED`. Adding `plugins/Attendance/config/routes.php` to `Error.ignoredDeprecationPaths` in your `config/app.php` config will mute deprecations from that file only.
Request URL: /Directory/Directories/Directories/view/eyJpZCI6bnVsbH0.NzQxNDY3ODllMWMyMWE0NTFkNzVjNTU2NjdhZDY2MWRiNjY2MGZjY2I1YjExNzMwN2Y0NTY5MWQzMGU5ZDUyMA
Referer URL: https://localhost/openemis_core_v4/Directory/Directories/Directories/view/eyJpZCI6MTMxMX0.NTk3Y2Q3MWQ3YWFiNWM4MjI0MjMzZGVjNGY1YzM5MmE2YjZhYmI1MDQ0ZDBiODU2NDQ1MWY2NDU4M2E2Y2QxMA
Client IP: 127.0.0.1
Trace:
deprecationWarning E:\xampp_7.2\htdocs\openemis_core_v4\vendor\cakephp\cakephp\src\Core\functions.php, line 328
Cake\Routing\Router::scope() E:\xampp_7.2\htdocs\openemis_core_v4\vendor\cakephp\cakephp\src\Routing\Router.php, line 848
require E:\xampp_7.2\htdocs\openemis_core_v4\plugins\Attendance\config\routes.php, line 7
Cake\Core\BasePlugin::routes() E:\xampp_7.2\htdocs\openemis_core_v4\vendor\cakephp\cakephp\src\Core\BasePlugin.php, line 262
Cake\Http\BaseApplication::pluginRoutes() E:\xampp_7.2\htdocs\openemis_core_v4\vendor\cakephp\cakephp\src\Http\BaseApplication.php, line 211
Cake\Routing\Middleware\RoutingMiddleware::prepareRouteCollection() E:\xampp_7.2\htdocs\openemis_core_v4\vendor\cakephp\cakephp\src\Routing\Middleware\RoutingMiddleware.php, line 137
Cake\Routing\Middleware\RoutingMiddleware::buildRouteCollection() E:\xampp_7.2\htdocs\openemis_core_v4\vendor\cakephp\cakephp\src\Routing\Middleware\RoutingMiddleware.php, line 124
Cake\Routing\Middleware\RoutingMiddleware::loadRoutes() E:\xampp_7.2\htdocs\openemis_core_v4\vendor\cakephp\cakephp\src\Routing\Middleware\RoutingMiddleware.php, line 95
Cake\Routing\Middleware\RoutingMiddleware::process() E:\xampp_7.2\htdocs\openemis_core_v4\vendor\cakephp\cakephp\src\Routing\Middleware\RoutingMiddleware.php, line 155
Cake\Http\Runner::handle() E:\xampp_7.2\htdocs\openemis_core_v4\vendor\cakephp\cakephp\src\Http\Runner.php, line 82
Cake\Routing\Middleware\AssetMiddleware::process() E:\xampp_7.2\htdocs\openemis_core_v4\vendor\cakephp\cakephp\src\Routing\Middleware\AssetMiddleware.php, line 77
Cake\Http\Runner::handle() E:\xampp_7.2\htdocs\openemis_core_v4\vendor\cakephp\cakephp\src\Http\Runner.php, line 82
Cake\Error\Middleware\ErrorHandlerMiddleware::process() E:\xampp_7.2\htdocs\openemis_core_v4\vendor\cakephp\cakephp\src\Error\Middleware\ErrorHandlerMiddleware.php, line 131
Cake\Http\Runner::handle() E:\xampp_7.2\htdocs\openemis_core_v4\vendor\cakephp\cakephp\src\Http\Runner.php, line 82
Cake\Http\Runner::run() E:\xampp_7.2\htdocs\openemis_core_v4\vendor\cakephp\cakephp\src\Http\Runner.php, line 67
Cake\Http\Server::run() E:\xampp_7.2\htdocs\openemis_core_v4\vendor\cakephp\cakephp\src\Http\Server.php, line 90
[main] E:\xampp_7.2\htdocs\openemis_core_v4\webroot\index.php, line 40

2024-02-01 10:01:55 notice: `Router::connect()` is deprecated, use the non-static method `RouteBuilder::connect()` instead.
E:\xampp_7.2\htdocs\openemis_core_v4\plugins\Attendance\config\routes.php, line: 5
You can disable all deprecation warnings by setting `Error.errorLevel` to `E_ALL & ~E_USER_DEPRECATED`. Adding `plugins/Attendance/config/routes.php` to `Error.ignoredDeprecationPaths` in your `config/app.php` config will mute deprecations from that file only.
Request URL: /Directory/Directories/Directories/view/eyJpZCI6bnVsbH0.NzQxNDY3ODllMWMyMWE0NTFkNzVjNTU2NjdhZDY2MWRiNjY2MGZjY2I1YjExNzMwN2Y0NTY5MWQzMGU5ZDUyMA
Referer URL: https://localhost/openemis_core_v4/Directory/Directories/Directories/view/eyJpZCI6MTMxMX0.NTk3Y2Q3MWQ3YWFiNWM4MjI0MjMzZGVjNGY1YzM5MmE2YjZhYmI1MDQ0ZDBiODU2NDQ1MWY2NDU4M2E2Y2QxMA
Client IP: 127.0.0.1
Trace:
deprecationWarning E:\xampp_7.2\htdocs\openemis_core_v4\vendor\cakephp\cakephp\src\Core\functions.php, line 328
Cake\Routing\Router::connect() E:\xampp_7.2\htdocs\openemis_core_v4\vendor\cakephp\cakephp\src\Routing\Router.php, line 214
Cake\Core\BasePlugin::{closure}() E:\xampp_7.2\htdocs\openemis_core_v4\plugins\Attendance\config\routes.php, line 5
Cake\Routing\RouteBuilder::scope() E:\xampp_7.2\htdocs\openemis_core_v4\vendor\cakephp\cakephp\src\Routing\RouteBuilder.php, line 946
Cake\Routing\Router::scope() E:\xampp_7.2\htdocs\openemis_core_v4\vendor\cakephp\cakephp\src\Routing\Router.php, line 857
require E:\xampp_7.2\htdocs\openemis_core_v4\plugins\Attendance\config\routes.php, line 7
Cake\Core\BasePlugin::routes() E:\xampp_7.2\htdocs\openemis_core_v4\vendor\cakephp\cakephp\src\Core\BasePlugin.php, line 262
Cake\Http\BaseApplication::pluginRoutes() E:\xampp_7.2\htdocs\openemis_core_v4\vendor\cakephp\cakephp\src\Http\BaseApplication.php, line 211
Cake\Routing\Middleware\RoutingMiddleware::prepareRouteCollection() E:\xampp_7.2\htdocs\openemis_core_v4\vendor\cakephp\cakephp\src\Routing\Middleware\RoutingMiddleware.php, line 137
Cake\Routing\Middleware\RoutingMiddleware::buildRouteCollection() E:\xampp_7.2\htdocs\openemis_core_v4\vendor\cakephp\cakephp\src\Routing\Middleware\RoutingMiddleware.php, line 124
Cake\Routing\Middleware\RoutingMiddleware::loadRoutes() E:\xampp_7.2\htdocs\openemis_core_v4\vendor\cakephp\cakephp\src\Routing\Middleware\RoutingMiddleware.php, line 95
Cake\Routing\Middleware\RoutingMiddleware::process() E:\xampp_7.2\htdocs\openemis_core_v4\vendor\cakephp\cakephp\src\Routing\Middleware\RoutingMiddleware.php, line 155
Cake\Http\Runner::handle() E:\xampp_7.2\htdocs\openemis_core_v4\vendor\cakephp\cakephp\src\Http\Runner.php, line 82
Cake\Routing\Middleware\AssetMiddleware::process() E:\xampp_7.2\htdocs\openemis_core_v4\vendor\cakephp\cakephp\src\Routing\Middleware\AssetMiddleware.php, line 77
Cake\Http\Runner::handle() E:\xampp_7.2\htdocs\openemis_core_v4\vendor\cakephp\cakephp\src\Http\Runner.php, line 82
Cake\Error\Middleware\ErrorHandlerMiddleware::process() E:\xampp_7.2\htdocs\openemis_core_v4\vendor\cakephp\cakephp\src\Error\Middleware\ErrorHandlerMiddleware.php, line 131
Cake\Http\Runner::handle() E:\xampp_7.2\htdocs\openemis_core_v4\vendor\cakephp\cakephp\src\Http\Runner.php, line 82
Cake\Http\Runner::run() E:\xampp_7.2\htdocs\openemis_core_v4\vendor\cakephp\cakephp\src\Http\Runner.php, line 67
Cake\Http\Server::run() E:\xampp_7.2\htdocs\openemis_core_v4\vendor\cakephp\cakephp\src\Http\Server.php, line 90
[main] E:\xampp_7.2\htdocs\openemis_core_v4\webroot\index.php, line 40

2024-02-01 10:01:55 notice: `Router::connect()` is deprecated, use the non-static method `RouteBuilder::connect()` instead.
E:\xampp_7.2\htdocs\openemis_core_v4\plugins\Attendance\config\routes.php, line: 6
You can disable all deprecation warnings by setting `Error.errorLevel` to `E_ALL & ~E_USER_DEPRECATED`. Adding `plugins/Attendance/config/routes.php` to `Error.ignoredDeprecationPaths` in your `config/app.php` config will mute deprecations from that file only.
Request URL: /Directory/Directories/Directories/view/eyJpZCI6bnVsbH0.NzQxNDY3ODllMWMyMWE0NTFkNzVjNTU2NjdhZDY2MWRiNjY2MGZjY2I1YjExNzMwN2Y0NTY5MWQzMGU5ZDUyMA
Referer URL: https://localhost/openemis_core_v4/Directory/Directories/Directories/view/eyJpZCI6MTMxMX0.NTk3Y2Q3MWQ3YWFiNWM4MjI0MjMzZGVjNGY1YzM5MmE2YjZhYmI1MDQ0ZDBiODU2NDQ1MWY2NDU4M2E2Y2QxMA
Client IP: 127.0.0.1
Trace:
deprecationWarning E:\xampp_7.2\htdocs\openemis_core_v4\vendor\cakephp\cakephp\src\Core\functions.php, line 328
Cake\Routing\Router::connect() E:\xampp_7.2\htdocs\openemis_core_v4\vendor\cakephp\cakephp\src\Routing\Router.php, line 214
Cake\Core\BasePlugin::{closure}() E:\xampp_7.2\htdocs\openemis_core_v4\plugins\Attendance\config\routes.php, line 6
Cake\Routing\RouteBuilder::scope() E:\xampp_7.2\htdocs\openemis_core_v4\vendor\cakephp\cakephp\src\Routing\RouteBuilder.php, line 946
Cake\Routing\Router::scope() E:\xampp_7.2\htdocs\openemis_core_v4\vendor\cakephp\cakephp\src\Routing\Router.php, line 857
require E:\xampp_7.2\htdocs\openemis_core_v4\plugins\Attendance\config\routes.php, line 7
Cake\Core\BasePlugin::routes() E:\xampp_7.2\htdocs\openemis_core_v4\vendor\cakephp\cakephp\src\Core\BasePlugin.php, line 262
Cake\Http\BaseApplication::pluginRoutes() E:\xampp_7.2\htdocs\openemis_core_v4\vendor\cakephp\cakephp\src\Http\BaseApplication.php, line 211
Cake\Routing\Middleware\RoutingMiddleware::prepareRouteCollection() E:\xampp_7.2\htdocs\openemis_core_v4\vendor\cakephp\cakephp\src\Routing\Middleware\RoutingMiddleware.php, line 137
Cake\Routing\Middleware\RoutingMiddleware::buildRouteCollection() E:\xampp_7.2\htdocs\openemis_core_v4\vendor\cakephp\cakephp\src\Routing\Middleware\RoutingMiddleware.php, line 124
Cake\Routing\Middleware\RoutingMiddleware::loadRoutes() E:\xampp_7.2\htdocs\openemis_core_v4\vendor\cakephp\cakephp\src\Routing\Middleware\RoutingMiddleware.php, line 95
Cake\Routing\Middleware\RoutingMiddleware::process() E:\xampp_7.2\htdocs\openemis_core_v4\vendor\cakephp\cakephp\src\Routing\Middleware\RoutingMiddleware.php, line 155
Cake\Http\Runner::handle() E:\xampp_7.2\htdocs\openemis_core_v4\vendor\cakephp\cakephp\src\Http\Runner.php, line 82
Cake\Routing\Middleware\AssetMiddleware::process() E:\xampp_7.2\htdocs\openemis_core_v4\vendor\cakephp\cakephp\src\Routing\Middleware\AssetMiddleware.php, line 77
Cake\Http\Runner::handle() E:\xampp_7.2\htdocs\openemis_core_v4\vendor\cakephp\cakephp\src\Http\Runner.php, line 82
Cake\Error\Middleware\ErrorHandlerMiddleware::process() E:\xampp_7.2\htdocs\openemis_core_v4\vendor\cakephp\cakephp\src\Error\Middleware\ErrorHandlerMiddleware.php, line 131
Cake\Http\Runner::handle() E:\xampp_7.2\htdocs\openemis_core_v4\vendor\cakephp\cakephp\src\Http\Runner.php, line 82
Cake\Http\Runner::run() E:\xampp_7.2\htdocs\openemis_core_v4\vendor\cakephp\cakephp\src\Http\Runner.php, line 67
Cake\Http\Server::run() E:\xampp_7.2\htdocs\openemis_core_v4\vendor\cakephp\cakephp\src\Http\Server.php, line 90
[main] E:\xampp_7.2\htdocs\openemis_core_v4\webroot\index.php, line 40

2024-02-01 10:01:55 notice: `Router::scope()` is deprecated, use the non-static method `RouteBuilder::scope()` instead.
E:\xampp_7.2\htdocs\openemis_core_v4\plugins\Guardian\config\routes.php, line: 48
You can disable all deprecation warnings by setting `Error.errorLevel` to `E_ALL & ~E_USER_DEPRECATED`. Adding `plugins/Guardian/config/routes.php` to `Error.ignoredDeprecationPaths` in your `config/app.php` config will mute deprecations from that file only.
Request URL: /Directory/Directories/Directories/view/eyJpZCI6bnVsbH0.NzQxNDY3ODllMWMyMWE0NTFkNzVjNTU2NjdhZDY2MWRiNjY2MGZjY2I1YjExNzMwN2Y0NTY5MWQzMGU5ZDUyMA
Referer URL: https://localhost/openemis_core_v4/Directory/Directories/Directories/view/eyJpZCI6MTMxMX0.NTk3Y2Q3MWQ3YWFiNWM4MjI0MjMzZGVjNGY1YzM5MmE2YjZhYmI1MDQ0ZDBiODU2NDQ1MWY2NDU4M2E2Y2QxMA
Client IP: 127.0.0.1
Trace:
deprecationWarning E:\xampp_7.2\htdocs\openemis_core_v4\vendor\cakephp\cakephp\src\Core\functions.php, line 328
Cake\Routing\Router::scope() E:\xampp_7.2\htdocs\openemis_core_v4\vendor\cakephp\cakephp\src\Routing\Router.php, line 848
require E:\xampp_7.2\htdocs\openemis_core_v4\plugins\Guardian\config\routes.php, line 48
Cake\Core\BasePlugin::routes() E:\xampp_7.2\htdocs\openemis_core_v4\vendor\cakephp\cakephp\src\Core\BasePlugin.php, line 262
Cake\Http\BaseApplication::pluginRoutes() E:\xampp_7.2\htdocs\openemis_core_v4\vendor\cakephp\cakephp\src\Http\BaseApplication.php, line 211
Cake\Routing\Middleware\RoutingMiddleware::prepareRouteCollection() E:\xampp_7.2\htdocs\openemis_core_v4\vendor\cakephp\cakephp\src\Routing\Middleware\RoutingMiddleware.php, line 137
Cake\Routing\Middleware\RoutingMiddleware::buildRouteCollection() E:\xampp_7.2\htdocs\openemis_core_v4\vendor\cakephp\cakephp\src\Routing\Middleware\RoutingMiddleware.php, line 124
Cake\Routing\Middleware\RoutingMiddleware::loadRoutes() E:\xampp_7.2\htdocs\openemis_core_v4\vendor\cakephp\cakephp\src\Routing\Middleware\RoutingMiddleware.php, line 95
Cake\Routing\Middleware\RoutingMiddleware::process() E:\xampp_7.2\htdocs\openemis_core_v4\vendor\cakephp\cakephp\src\Routing\Middleware\RoutingMiddleware.php, line 155
Cake\Http\Runner::handle() E:\xampp_7.2\htdocs\openemis_core_v4\vendor\cakephp\cakephp\src\Http\Runner.php, line 82
Cake\Routing\Middleware\AssetMiddleware::process() E:\xampp_7.2\htdocs\openemis_core_v4\vendor\cakephp\cakephp\src\Routing\Middleware\AssetMiddleware.php, line 77
Cake\Http\Runner::handle() E:\xampp_7.2\htdocs\openemis_core_v4\vendor\cakephp\cakephp\src\Http\Runner.php, line 82
Cake\Error\Middleware\ErrorHandlerMiddleware::process() E:\xampp_7.2\htdocs\openemis_core_v4\vendor\cakephp\cakephp\src\Error\Middleware\ErrorHandlerMiddleware.php, line 131
Cake\Http\Runner::handle() E:\xampp_7.2\htdocs\openemis_core_v4\vendor\cakephp\cakephp\src\Http\Runner.php, line 82
Cake\Http\Runner::run() E:\xampp_7.2\htdocs\openemis_core_v4\vendor\cakephp\cakephp\src\Http\Runner.php, line 67
Cake\Http\Server::run() E:\xampp_7.2\htdocs\openemis_core_v4\vendor\cakephp\cakephp\src\Http\Server.php, line 90
[main] E:\xampp_7.2\htdocs\openemis_core_v4\webroot\index.php, line 40

2024-02-01 10:01:55 notice: `Router::scope()` is deprecated, use the non-static method `RouteBuilder::scope()` instead.
E:\xampp_7.2\htdocs\openemis_core_v4\plugins\Guardian\config\routes.php, line: 58
You can disable all deprecation warnings by setting `Error.errorLevel` to `E_ALL & ~E_USER_DEPRECATED`. Adding `plugins/Guardian/config/routes.php` to `Error.ignoredDeprecationPaths` in your `config/app.php` config will mute deprecations from that file only.
Request URL: /Directory/Directories/Directories/view/eyJpZCI6bnVsbH0.NzQxNDY3ODllMWMyMWE0NTFkNzVjNTU2NjdhZDY2MWRiNjY2MGZjY2I1YjExNzMwN2Y0NTY5MWQzMGU5ZDUyMA
Referer URL: https://localhost/openemis_core_v4/Directory/Directories/Directories/view/eyJpZCI6MTMxMX0.NTk3Y2Q3MWQ3YWFiNWM4MjI0MjMzZGVjNGY1YzM5MmE2YjZhYmI1MDQ0ZDBiODU2NDQ1MWY2NDU4M2E2Y2QxMA
Client IP: 127.0.0.1
Trace:
deprecationWarning E:\xampp_7.2\htdocs\openemis_core_v4\vendor\cakephp\cakephp\src\Core\functions.php, line 328
Cake\Routing\Router::scope() E:\xampp_7.2\htdocs\openemis_core_v4\vendor\cakephp\cakephp\src\Routing\Router.php, line 848
require E:\xampp_7.2\htdocs\openemis_core_v4\plugins\Guardian\config\routes.php, line 58
Cake\Core\BasePlugin::routes() E:\xampp_7.2\htdocs\openemis_core_v4\vendor\cakephp\cakephp\src\Core\BasePlugin.php, line 262
Cake\Http\BaseApplication::pluginRoutes() E:\xampp_7.2\htdocs\openemis_core_v4\vendor\cakephp\cakephp\src\Http\BaseApplication.php, line 211
Cake\Routing\Middleware\RoutingMiddleware::prepareRouteCollection() E:\xampp_7.2\htdocs\openemis_core_v4\vendor\cakephp\cakephp\src\Routing\Middleware\RoutingMiddleware.php, line 137
Cake\Routing\Middleware\RoutingMiddleware::buildRouteCollection() E:\xampp_7.2\htdocs\openemis_core_v4\vendor\cakephp\cakephp\src\Routing\Middleware\RoutingMiddleware.php, line 124
Cake\Routing\Middleware\RoutingMiddleware::loadRoutes() E:\xampp_7.2\htdocs\openemis_core_v4\vendor\cakephp\cakephp\src\Routing\Middleware\RoutingMiddleware.php, line 95
Cake\Routing\Middleware\RoutingMiddleware::process() E:\xampp_7.2\htdocs\openemis_core_v4\vendor\cakephp\cakephp\src\Routing\Middleware\RoutingMiddleware.php, line 155
Cake\Http\Runner::handle() E:\xampp_7.2\htdocs\openemis_core_v4\vendor\cakephp\cakephp\src\Http\Runner.php, line 82
Cake\Routing\Middleware\AssetMiddleware::process() E:\xampp_7.2\htdocs\openemis_core_v4\vendor\cakephp\cakephp\src\Routing\Middleware\AssetMiddleware.php, line 77
Cake\Http\Runner::handle() E:\xampp_7.2\htdocs\openemis_core_v4\vendor\cakephp\cakephp\src\Http\Runner.php, line 82
Cake\Error\Middleware\ErrorHandlerMiddleware::process() E:\xampp_7.2\htdocs\openemis_core_v4\vendor\cakephp\cakephp\src\Error\Middleware\ErrorHandlerMiddleware.php, line 131
Cake\Http\Runner::handle() E:\xampp_7.2\htdocs\openemis_core_v4\vendor\cakephp\cakephp\src\Http\Runner.php, line 82
Cake\Http\Runner::run() E:\xampp_7.2\htdocs\openemis_core_v4\vendor\cakephp\cakephp\src\Http\Runner.php, line 67
Cake\Http\Server::run() E:\xampp_7.2\htdocs\openemis_core_v4\vendor\cakephp\cakephp\src\Http\Server.php, line 90
[main] E:\xampp_7.2\htdocs\openemis_core_v4\webroot\index.php, line 40

2024-02-01 10:01:55 notice: `Router::scope()` is deprecated, use the non-static method `RouteBuilder::scope()` instead.
E:\xampp_7.2\htdocs\openemis_core_v4\plugins\Email\config\routes.php, line: 7
You can disable all deprecation warnings by setting `Error.errorLevel` to `E_ALL & ~E_USER_DEPRECATED`. Adding `plugins/Email/config/routes.php` to `Error.ignoredDeprecationPaths` in your `config/app.php` config will mute deprecations from that file only.
Request URL: /Directory/Directories/Directories/view/eyJpZCI6bnVsbH0.NzQxNDY3ODllMWMyMWE0NTFkNzVjNTU2NjdhZDY2MWRiNjY2MGZjY2I1YjExNzMwN2Y0NTY5MWQzMGU5ZDUyMA
Referer URL: https://localhost/openemis_core_v4/Directory/Directories/Directories/view/eyJpZCI6MTMxMX0.NTk3Y2Q3MWQ3YWFiNWM4MjI0MjMzZGVjNGY1YzM5MmE2YjZhYmI1MDQ0ZDBiODU2NDQ1MWY2NDU4M2E2Y2QxMA
Client IP: 127.0.0.1
Trace:
deprecationWarning E:\xampp_7.2\htdocs\openemis_core_v4\vendor\cakephp\cakephp\src\Core\functions.php, line 328
Cake\Routing\Router::scope() E:\xampp_7.2\htdocs\openemis_core_v4\vendor\cakephp\cakephp\src\Routing\Router.php, line 848
require E:\xampp_7.2\htdocs\openemis_core_v4\plugins\Email\config\routes.php, line 7
Cake\Core\BasePlugin::routes() E:\xampp_7.2\htdocs\openemis_core_v4\vendor\cakephp\cakephp\src\Core\BasePlugin.php, line 262
Cake\Http\BaseApplication::pluginRoutes() E:\xampp_7.2\htdocs\openemis_core_v4\vendor\cakephp\cakephp\src\Http\BaseApplication.php, line 211
Cake\Routing\Middleware\RoutingMiddleware::prepareRouteCollection() E:\xampp_7.2\htdocs\openemis_core_v4\vendor\cakephp\cakephp\src\Routing\Middleware\RoutingMiddleware.php, line 137
Cake\Routing\Middleware\RoutingMiddleware::buildRouteCollection() E:\xampp_7.2\htdocs\openemis_core_v4\vendor\cakephp\cakephp\src\Routing\Middleware\RoutingMiddleware.php, line 124
Cake\Routing\Middleware\RoutingMiddleware::loadRoutes() E:\xampp_7.2\htdocs\openemis_core_v4\vendor\cakephp\cakephp\src\Routing\Middleware\RoutingMiddleware.php, line 95
Cake\Routing\Middleware\RoutingMiddleware::process() E:\xampp_7.2\htdocs\openemis_core_v4\vendor\cakephp\cakephp\src\Routing\Middleware\RoutingMiddleware.php, line 155
Cake\Http\Runner::handle() E:\xampp_7.2\htdocs\openemis_core_v4\vendor\cakephp\cakephp\src\Http\Runner.php, line 82
Cake\Routing\Middleware\AssetMiddleware::process() E:\xampp_7.2\htdocs\openemis_core_v4\vendor\cakephp\cakephp\src\Routing\Middleware\AssetMiddleware.php, line 77
Cake\Http\Runner::handle() E:\xampp_7.2\htdocs\openemis_core_v4\vendor\cakephp\cakephp\src\Http\Runner.php, line 82
Cake\Error\Middleware\ErrorHandlerMiddleware::process() E:\xampp_7.2\htdocs\openemis_core_v4\vendor\cakephp\cakephp\src\Error\Middleware\ErrorHandlerMiddleware.php, line 131
Cake\Http\Runner::handle() E:\xampp_7.2\htdocs\openemis_core_v4\vendor\cakephp\cakephp\src\Http\Runner.php, line 82
Cake\Http\Runner::run() E:\xampp_7.2\htdocs\openemis_core_v4\vendor\cakephp\cakephp\src\Http\Runner.php, line 67
Cake\Http\Server::run() E:\xampp_7.2\htdocs\openemis_core_v4\vendor\cakephp\cakephp\src\Http\Server.php, line 90
[main] E:\xampp_7.2\htdocs\openemis_core_v4\webroot\index.php, line 40

2024-02-01 10:01:55 notice: `Router::connect()` is deprecated, use the non-static method `RouteBuilder::connect()` instead.
E:\xampp_7.2\htdocs\openemis_core_v4\plugins\Email\config\routes.php, line: 5
You can disable all deprecation warnings by setting `Error.errorLevel` to `E_ALL & ~E_USER_DEPRECATED`. Adding `plugins/Email/config/routes.php` to `Error.ignoredDeprecationPaths` in your `config/app.php` config will mute deprecations from that file only.
Request URL: /Directory/Directories/Directories/view/eyJpZCI6bnVsbH0.NzQxNDY3ODllMWMyMWE0NTFkNzVjNTU2NjdhZDY2MWRiNjY2MGZjY2I1YjExNzMwN2Y0NTY5MWQzMGU5ZDUyMA
Referer URL: https://localhost/openemis_core_v4/Directory/Directories/Directories/view/eyJpZCI6MTMxMX0.NTk3Y2Q3MWQ3YWFiNWM4MjI0MjMzZGVjNGY1YzM5MmE2YjZhYmI1MDQ0ZDBiODU2NDQ1MWY2NDU4M2E2Y2QxMA
Client IP: 127.0.0.1
Trace:
deprecationWarning E:\xampp_7.2\htdocs\openemis_core_v4\vendor\cakephp\cakephp\src\Core\functions.php, line 328
Cake\Routing\Router::connect() E:\xampp_7.2\htdocs\openemis_core_v4\vendor\cakephp\cakephp\src\Routing\Router.php, line 214
Cake\Core\BasePlugin::{closure}() E:\xampp_7.2\htdocs\openemis_core_v4\plugins\Email\config\routes.php, line 5
Cake\Routing\RouteBuilder::scope() E:\xampp_7.2\htdocs\openemis_core_v4\vendor\cakephp\cakephp\src\Routing\RouteBuilder.php, line 946
Cake\Routing\Router::scope() E:\xampp_7.2\htdocs\openemis_core_v4\vendor\cakephp\cakephp\src\Routing\Router.php, line 857
require E:\xampp_7.2\htdocs\openemis_core_v4\plugins\Email\config\routes.php, line 7
Cake\Core\BasePlugin::routes() E:\xampp_7.2\htdocs\openemis_core_v4\vendor\cakephp\cakephp\src\Core\BasePlugin.php, line 262
Cake\Http\BaseApplication::pluginRoutes() E:\xampp_7.2\htdocs\openemis_core_v4\vendor\cakephp\cakephp\src\Http\BaseApplication.php, line 211
Cake\Routing\Middleware\RoutingMiddleware::prepareRouteCollection() E:\xampp_7.2\htdocs\openemis_core_v4\vendor\cakephp\cakephp\src\Routing\Middleware\RoutingMiddleware.php, line 137
Cake\Routing\Middleware\RoutingMiddleware::buildRouteCollection() E:\xampp_7.2\htdocs\openemis_core_v4\vendor\cakephp\cakephp\src\Routing\Middleware\RoutingMiddleware.php, line 124
Cake\Routing\Middleware\RoutingMiddleware::loadRoutes() E:\xampp_7.2\htdocs\openemis_core_v4\vendor\cakephp\cakephp\src\Routing\Middleware\RoutingMiddleware.php, line 95
Cake\Routing\Middleware\RoutingMiddleware::process() E:\xampp_7.2\htdocs\openemis_core_v4\vendor\cakephp\cakephp\src\Routing\Middleware\RoutingMiddleware.php, line 155
Cake\Http\Runner::handle() E:\xampp_7.2\htdocs\openemis_core_v4\vendor\cakephp\cakephp\src\Http\Runner.php, line 82
Cake\Routing\Middleware\AssetMiddleware::process() E:\xampp_7.2\htdocs\openemis_core_v4\vendor\cakephp\cakephp\src\Routing\Middleware\AssetMiddleware.php, line 77
Cake\Http\Runner::handle() E:\xampp_7.2\htdocs\openemis_core_v4\vendor\cakephp\cakephp\src\Http\Runner.php, line 82
Cake\Error\Middleware\ErrorHandlerMiddleware::process() E:\xampp_7.2\htdocs\openemis_core_v4\vendor\cakephp\cakephp\src\Error\Middleware\ErrorHandlerMiddleware.php, line 131
Cake\Http\Runner::handle() E:\xampp_7.2\htdocs\openemis_core_v4\vendor\cakephp\cakephp\src\Http\Runner.php, line 82
Cake\Http\Runner::run() E:\xampp_7.2\htdocs\openemis_core_v4\vendor\cakephp\cakephp\src\Http\Runner.php, line 67
Cake\Http\Server::run() E:\xampp_7.2\htdocs\openemis_core_v4\vendor\cakephp\cakephp\src\Http\Server.php, line 90
[main] E:\xampp_7.2\htdocs\openemis_core_v4\webroot\index.php, line 40

2024-02-01 10:01:55 notice: `Router::connect()` is deprecated, use the non-static method `RouteBuilder::connect()` instead.
E:\xampp_7.2\htdocs\openemis_core_v4\plugins\Email\config\routes.php, line: 6
You can disable all deprecation warnings by setting `Error.errorLevel` to `E_ALL & ~E_USER_DEPRECATED`. Adding `plugins/Email/config/routes.php` to `Error.ignoredDeprecationPaths` in your `config/app.php` config will mute deprecations from that file only.
Request URL: /Directory/Directories/Directories/view/eyJpZCI6bnVsbH0.NzQxNDY3ODllMWMyMWE0NTFkNzVjNTU2NjdhZDY2MWRiNjY2MGZjY2I1YjExNzMwN2Y0NTY5MWQzMGU5ZDUyMA
Referer URL: https://localhost/openemis_core_v4/Directory/Directories/Directories/view/eyJpZCI6MTMxMX0.NTk3Y2Q3MWQ3YWFiNWM4MjI0MjMzZGVjNGY1YzM5MmE2YjZhYmI1MDQ0ZDBiODU2NDQ1MWY2NDU4M2E2Y2QxMA
Client IP: 127.0.0.1
Trace:
deprecationWarning E:\xampp_7.2\htdocs\openemis_core_v4\vendor\cakephp\cakephp\src\Core\functions.php, line 328
Cake\Routing\Router::connect() E:\xampp_7.2\htdocs\openemis_core_v4\vendor\cakephp\cakephp\src\Routing\Router.php, line 214
Cake\Core\BasePlugin::{closure}() E:\xampp_7.2\htdocs\openemis_core_v4\plugins\Email\config\routes.php, line 6
Cake\Routing\RouteBuilder::scope() E:\xampp_7.2\htdocs\openemis_core_v4\vendor\cakephp\cakephp\src\Routing\RouteBuilder.php, line 946
Cake\Routing\Router::scope() E:\xampp_7.2\htdocs\openemis_core_v4\vendor\cakephp\cakephp\src\Routing\Router.php, line 857
require E:\xampp_7.2\htdocs\openemis_core_v4\plugins\Email\config\routes.php, line 7
Cake\Core\BasePlugin::routes() E:\xampp_7.2\htdocs\openemis_core_v4\vendor\cakephp\cakephp\src\Core\BasePlugin.php, line 262
Cake\Http\BaseApplication::pluginRoutes() E:\xampp_7.2\htdocs\openemis_core_v4\vendor\cakephp\cakephp\src\Http\BaseApplication.php, line 211
Cake\Routing\Middleware\RoutingMiddleware::prepareRouteCollection() E:\xampp_7.2\htdocs\openemis_core_v4\vendor\cakephp\cakephp\src\Routing\Middleware\RoutingMiddleware.php, line 137
Cake\Routing\Middleware\RoutingMiddleware::buildRouteCollection() E:\xampp_7.2\htdocs\openemis_core_v4\vendor\cakephp\cakephp\src\Routing\Middleware\RoutingMiddleware.php, line 124
Cake\Routing\Middleware\RoutingMiddleware::loadRoutes() E:\xampp_7.2\htdocs\openemis_core_v4\vendor\cakephp\cakephp\src\Routing\Middleware\RoutingMiddleware.php, line 95
Cake\Routing\Middleware\RoutingMiddleware::process() E:\xampp_7.2\htdocs\openemis_core_v4\vendor\cakephp\cakephp\src\Routing\Middleware\RoutingMiddleware.php, line 155
Cake\Http\Runner::handle() E:\xampp_7.2\htdocs\openemis_core_v4\vendor\cakephp\cakephp\src\Http\Runner.php, line 82
Cake\Routing\Middleware\AssetMiddleware::process() E:\xampp_7.2\htdocs\openemis_core_v4\vendor\cakephp\cakephp\src\Routing\Middleware\AssetMiddleware.php, line 77
Cake\Http\Runner::handle() E:\xampp_7.2\htdocs\openemis_core_v4\vendor\cakephp\cakephp\src\Http\Runner.php, line 82
Cake\Error\Middleware\ErrorHandlerMiddleware::process() E:\xampp_7.2\htdocs\openemis_core_v4\vendor\cakephp\cakephp\src\Error\Middleware\ErrorHandlerMiddleware.php, line 131
Cake\Http\Runner::handle() E:\xampp_7.2\htdocs\openemis_core_v4\vendor\cakephp\cakephp\src\Http\Runner.php, line 82
Cake\Http\Runner::run() E:\xampp_7.2\htdocs\openemis_core_v4\vendor\cakephp\cakephp\src\Http\Runner.php, line 67
Cake\Http\Server::run() E:\xampp_7.2\htdocs\openemis_core_v4\vendor\cakephp\cakephp\src\Http\Server.php, line 90
[main] E:\xampp_7.2\htdocs\openemis_core_v4\webroot\index.php, line 40

2024-02-01 10:01:55 notice: `Router::scope()` is deprecated, use the non-static method `RouteBuilder::scope()` instead.
E:\xampp_7.2\htdocs\openemis_core_v4\plugins\SpecialNeeds\config\routes.php, line: 8
You can disable all deprecation warnings by setting `Error.errorLevel` to `E_ALL & ~E_USER_DEPRECATED`. Adding `plugins/SpecialNeeds/config/routes.php` to `Error.ignoredDeprecationPaths` in your `config/app.php` config will mute deprecations from that file only.
Request URL: /Directory/Directories/Directories/view/eyJpZCI6bnVsbH0.NzQxNDY3ODllMWMyMWE0NTFkNzVjNTU2NjdhZDY2MWRiNjY2MGZjY2I1YjExNzMwN2Y0NTY5MWQzMGU5ZDUyMA
Referer URL: https://localhost/openemis_core_v4/Directory/Directories/Directories/view/eyJpZCI6MTMxMX0.NTk3Y2Q3MWQ3YWFiNWM4MjI0MjMzZGVjNGY1YzM5MmE2YjZhYmI1MDQ0ZDBiODU2NDQ1MWY2NDU4M2E2Y2QxMA
Client IP: 127.0.0.1
Trace:
deprecationWarning E:\xampp_7.2\htdocs\openemis_core_v4\vendor\cakephp\cakephp\src\Core\functions.php, line 328
Cake\Routing\Router::scope() E:\xampp_7.2\htdocs\openemis_core_v4\vendor\cakephp\cakephp\src\Routing\Router.php, line 848
require E:\xampp_7.2\htdocs\openemis_core_v4\plugins\SpecialNeeds\config\routes.php, line 8
Cake\Core\BasePlugin::routes() E:\xampp_7.2\htdocs\openemis_core_v4\vendor\cakephp\cakephp\src\Core\BasePlugin.php, line 262
Cake\Http\BaseApplication::pluginRoutes() E:\xampp_7.2\htdocs\openemis_core_v4\vendor\cakephp\cakephp\src\Http\BaseApplication.php, line 211
Cake\Routing\Middleware\RoutingMiddleware::prepareRouteCollection() E:\xampp_7.2\htdocs\openemis_core_v4\vendor\cakephp\cakephp\src\Routing\Middleware\RoutingMiddleware.php, line 137
Cake\Routing\Middleware\RoutingMiddleware::buildRouteCollection() E:\xampp_7.2\htdocs\openemis_core_v4\vendor\cakephp\cakephp\src\Routing\Middleware\RoutingMiddleware.php, line 124
Cake\Routing\Middleware\RoutingMiddleware::loadRoutes() E:\xampp_7.2\htdocs\openemis_core_v4\vendor\cakephp\cakephp\src\Routing\Middleware\RoutingMiddleware.php, line 95
Cake\Routing\Middleware\RoutingMiddleware::process() E:\xampp_7.2\htdocs\openemis_core_v4\vendor\cakephp\cakephp\src\Routing\Middleware\RoutingMiddleware.php, line 155
Cake\Http\Runner::handle() E:\xampp_7.2\htdocs\openemis_core_v4\vendor\cakephp\cakephp\src\Http\Runner.php, line 82
Cake\Routing\Middleware\AssetMiddleware::process() E:\xampp_7.2\htdocs\openemis_core_v4\vendor\cakephp\cakephp\src\Routing\Middleware\AssetMiddleware.php, line 77
Cake\Http\Runner::handle() E:\xampp_7.2\htdocs\openemis_core_v4\vendor\cakephp\cakephp\src\Http\Runner.php, line 82
Cake\Error\Middleware\ErrorHandlerMiddleware::process() E:\xampp_7.2\htdocs\openemis_core_v4\vendor\cakephp\cakephp\src\Error\Middleware\ErrorHandlerMiddleware.php, line 131
Cake\Http\Runner::handle() E:\xampp_7.2\htdocs\openemis_core_v4\vendor\cakephp\cakephp\src\Http\Runner.php, line 82
Cake\Http\Runner::run() E:\xampp_7.2\htdocs\openemis_core_v4\vendor\cakephp\cakephp\src\Http\Runner.php, line 67
Cake\Http\Server::run() E:\xampp_7.2\htdocs\openemis_core_v4\vendor\cakephp\cakephp\src\Http\Server.php, line 90
[main] E:\xampp_7.2\htdocs\openemis_core_v4\webroot\index.php, line 40

2024-02-01 10:01:55 notice: `Router::scope()` is deprecated, use the non-static method `RouteBuilder::scope()` instead.
E:\xampp_7.2\htdocs\openemis_core_v4\plugins\MoodleApi\config\routes.php, line: 17
You can disable all deprecation warnings by setting `Error.errorLevel` to `E_ALL & ~E_USER_DEPRECATED`. Adding `plugins/MoodleApi/config/routes.php` to `Error.ignoredDeprecationPaths` in your `config/app.php` config will mute deprecations from that file only.
Request URL: /Directory/Directories/Directories/view/eyJpZCI6bnVsbH0.NzQxNDY3ODllMWMyMWE0NTFkNzVjNTU2NjdhZDY2MWRiNjY2MGZjY2I1YjExNzMwN2Y0NTY5MWQzMGU5ZDUyMA
Referer URL: https://localhost/openemis_core_v4/Directory/Directories/Directories/view/eyJpZCI6MTMxMX0.NTk3Y2Q3MWQ3YWFiNWM4MjI0MjMzZGVjNGY1YzM5MmE2YjZhYmI1MDQ0ZDBiODU2NDQ1MWY2NDU4M2E2Y2QxMA
Client IP: 127.0.0.1
Trace:
deprecationWarning E:\xampp_7.2\htdocs\openemis_core_v4\vendor\cakephp\cakephp\src\Core\functions.php, line 328
Cake\Routing\Router::scope() E:\xampp_7.2\htdocs\openemis_core_v4\vendor\cakephp\cakephp\src\Routing\Router.php, line 848
require E:\xampp_7.2\htdocs\openemis_core_v4\plugins\MoodleApi\config\routes.php, line 17
Cake\Core\BasePlugin::routes() E:\xampp_7.2\htdocs\openemis_core_v4\vendor\cakephp\cakephp\src\Core\BasePlugin.php, line 262
Cake\Http\BaseApplication::pluginRoutes() E:\xampp_7.2\htdocs\openemis_core_v4\vendor\cakephp\cakephp\src\Http\BaseApplication.php, line 211
Cake\Routing\Middleware\RoutingMiddleware::prepareRouteCollection() E:\xampp_7.2\htdocs\openemis_core_v4\vendor\cakephp\cakephp\src\Routing\Middleware\RoutingMiddleware.php, line 137
Cake\Routing\Middleware\RoutingMiddleware::buildRouteCollection() E:\xampp_7.2\htdocs\openemis_core_v4\vendor\cakephp\cakephp\src\Routing\Middleware\RoutingMiddleware.php, line 124
Cake\Routing\Middleware\RoutingMiddleware::loadRoutes() E:\xampp_7.2\htdocs\openemis_core_v4\vendor\cakephp\cakephp\src\Routing\Middleware\RoutingMiddleware.php, line 95
Cake\Routing\Middleware\RoutingMiddleware::process() E:\xampp_7.2\htdocs\openemis_core_v4\vendor\cakephp\cakephp\src\Routing\Middleware\RoutingMiddleware.php, line 155
Cake\Http\Runner::handle() E:\xampp_7.2\htdocs\openemis_core_v4\vendor\cakephp\cakephp\src\Http\Runner.php, line 82
Cake\Routing\Middleware\AssetMiddleware::process() E:\xampp_7.2\htdocs\openemis_core_v4\vendor\cakephp\cakephp\src\Routing\Middleware\AssetMiddleware.php, line 77
Cake\Http\Runner::handle() E:\xampp_7.2\htdocs\openemis_core_v4\vendor\cakephp\cakephp\src\Http\Runner.php, line 82
Cake\Error\Middleware\ErrorHandlerMiddleware::process() E:\xampp_7.2\htdocs\openemis_core_v4\vendor\cakephp\cakephp\src\Error\Middleware\ErrorHandlerMiddleware.php, line 131
Cake\Http\Runner::handle() E:\xampp_7.2\htdocs\openemis_core_v4\vendor\cakephp\cakephp\src\Http\Runner.php, line 82
Cake\Http\Runner::run() E:\xampp_7.2\htdocs\openemis_core_v4\vendor\cakephp\cakephp\src\Http\Runner.php, line 67
Cake\Http\Server::run() E:\xampp_7.2\htdocs\openemis_core_v4\vendor\cakephp\cakephp\src\Http\Server.php, line 90
[main] E:\xampp_7.2\htdocs\openemis_core_v4\webroot\index.php, line 40

2024-02-01 10:01:55 notice: `Router::scope()` is deprecated, use the non-static method `RouteBuilder::scope()` instead.
E:\xampp_7.2\htdocs\openemis_core_v4\plugins\ProfileTemplate\config\routes.php, line: 7
You can disable all deprecation warnings by setting `Error.errorLevel` to `E_ALL & ~E_USER_DEPRECATED`. Adding `plugins/ProfileTemplate/config/routes.php` to `Error.ignoredDeprecationPaths` in your `config/app.php` config will mute deprecations from that file only.
Request URL: /Directory/Directories/Directories/view/eyJpZCI6bnVsbH0.NzQxNDY3ODllMWMyMWE0NTFkNzVjNTU2NjdhZDY2MWRiNjY2MGZjY2I1YjExNzMwN2Y0NTY5MWQzMGU5ZDUyMA
Referer URL: https://localhost/openemis_core_v4/Directory/Directories/Directories/view/eyJpZCI6MTMxMX0.NTk3Y2Q3MWQ3YWFiNWM4MjI0MjMzZGVjNGY1YzM5MmE2YjZhYmI1MDQ0ZDBiODU2NDQ1MWY2NDU4M2E2Y2QxMA
Client IP: 127.0.0.1
Trace:
deprecationWarning E:\xampp_7.2\htdocs\openemis_core_v4\vendor\cakephp\cakephp\src\Core\functions.php, line 328
Cake\Routing\Router::scope() E:\xampp_7.2\htdocs\openemis_core_v4\vendor\cakephp\cakephp\src\Routing\Router.php, line 848
require E:\xampp_7.2\htdocs\openemis_core_v4\plugins\ProfileTemplate\config\routes.php, line 7
Cake\Core\BasePlugin::routes() E:\xampp_7.2\htdocs\openemis_core_v4\vendor\cakephp\cakephp\src\Core\BasePlugin.php, line 262
Cake\Http\BaseApplication::pluginRoutes() E:\xampp_7.2\htdocs\openemis_core_v4\vendor\cakephp\cakephp\src\Http\BaseApplication.php, line 211
Cake\Routing\Middleware\RoutingMiddleware::prepareRouteCollection() E:\xampp_7.2\htdocs\openemis_core_v4\vendor\cakephp\cakephp\src\Routing\Middleware\RoutingMiddleware.php, line 137
Cake\Routing\Middleware\RoutingMiddleware::buildRouteCollection() E:\xampp_7.2\htdocs\openemis_core_v4\vendor\cakephp\cakephp\src\Routing\Middleware\RoutingMiddleware.php, line 124
Cake\Routing\Middleware\RoutingMiddleware::loadRoutes() E:\xampp_7.2\htdocs\openemis_core_v4\vendor\cakephp\cakephp\src\Routing\Middleware\RoutingMiddleware.php, line 95
Cake\Routing\Middleware\RoutingMiddleware::process() E:\xampp_7.2\htdocs\openemis_core_v4\vendor\cakephp\cakephp\src\Routing\Middleware\RoutingMiddleware.php, line 155
Cake\Http\Runner::handle() E:\xampp_7.2\htdocs\openemis_core_v4\vendor\cakephp\cakephp\src\Http\Runner.php, line 82
Cake\Routing\Middleware\AssetMiddleware::process() E:\xampp_7.2\htdocs\openemis_core_v4\vendor\cakephp\cakephp\src\Routing\Middleware\AssetMiddleware.php, line 77
Cake\Http\Runner::handle() E:\xampp_7.2\htdocs\openemis_core_v4\vendor\cakephp\cakephp\src\Http\Runner.php, line 82
Cake\Error\Middleware\ErrorHandlerMiddleware::process() E:\xampp_7.2\htdocs\openemis_core_v4\vendor\cakephp\cakephp\src\Error\Middleware\ErrorHandlerMiddleware.php, line 131
Cake\Http\Runner::handle() E:\xampp_7.2\htdocs\openemis_core_v4\vendor\cakephp\cakephp\src\Http\Runner.php, line 82
Cake\Http\Runner::run() E:\xampp_7.2\htdocs\openemis_core_v4\vendor\cakephp\cakephp\src\Http\Runner.php, line 67
Cake\Http\Server::run() E:\xampp_7.2\htdocs\openemis_core_v4\vendor\cakephp\cakephp\src\Http\Server.php, line 90
[main] E:\xampp_7.2\htdocs\openemis_core_v4\webroot\index.php, line 40

2024-02-01 10:01:55 notice: `Router::connect()` is deprecated, use the non-static method `RouteBuilder::connect()` instead.
E:\xampp_7.2\htdocs\openemis_core_v4\plugins\ProfileTemplate\config\routes.php, line: 5
You can disable all deprecation warnings by setting `Error.errorLevel` to `E_ALL & ~E_USER_DEPRECATED`. Adding `plugins/ProfileTemplate/config/routes.php` to `Error.ignoredDeprecationPaths` in your `config/app.php` config will mute deprecations from that file only.
Request URL: /Directory/Directories/Directories/view/eyJpZCI6bnVsbH0.NzQxNDY3ODllMWMyMWE0NTFkNzVjNTU2NjdhZDY2MWRiNjY2MGZjY2I1YjExNzMwN2Y0NTY5MWQzMGU5ZDUyMA
Referer URL: https://localhost/openemis_core_v4/Directory/Directories/Directories/view/eyJpZCI6MTMxMX0.NTk3Y2Q3MWQ3YWFiNWM4MjI0MjMzZGVjNGY1YzM5MmE2YjZhYmI1MDQ0ZDBiODU2NDQ1MWY2NDU4M2E2Y2QxMA
Client IP: 127.0.0.1
Trace:
deprecationWarning E:\xampp_7.2\htdocs\openemis_core_v4\vendor\cakephp\cakephp\src\Core\functions.php, line 328
Cake\Routing\Router::connect() E:\xampp_7.2\htdocs\openemis_core_v4\vendor\cakephp\cakephp\src\Routing\Router.php, line 214
Cake\Core\BasePlugin::{closure}() E:\xampp_7.2\htdocs\openemis_core_v4\plugins\ProfileTemplate\config\routes.php, line 5
Cake\Routing\RouteBuilder::scope() E:\xampp_7.2\htdocs\openemis_core_v4\vendor\cakephp\cakephp\src\Routing\RouteBuilder.php, line 946
Cake\Routing\Router::scope() E:\xampp_7.2\htdocs\openemis_core_v4\vendor\cakephp\cakephp\src\Routing\Router.php, line 857
require E:\xampp_7.2\htdocs\openemis_core_v4\plugins\ProfileTemplate\config\routes.php, line 7
Cake\Core\BasePlugin::routes() E:\xampp_7.2\htdocs\openemis_core_v4\vendor\cakephp\cakephp\src\Core\BasePlugin.php, line 262
Cake\Http\BaseApplication::pluginRoutes() E:\xampp_7.2\htdocs\openemis_core_v4\vendor\cakephp\cakephp\src\Http\BaseApplication.php, line 211
Cake\Routing\Middleware\RoutingMiddleware::prepareRouteCollection() E:\xampp_7.2\htdocs\openemis_core_v4\vendor\cakephp\cakephp\src\Routing\Middleware\RoutingMiddleware.php, line 137
Cake\Routing\Middleware\RoutingMiddleware::buildRouteCollection() E:\xampp_7.2\htdocs\openemis_core_v4\vendor\cakephp\cakephp\src\Routing\Middleware\RoutingMiddleware.php, line 124
Cake\Routing\Middleware\RoutingMiddleware::loadRoutes() E:\xampp_7.2\htdocs\openemis_core_v4\vendor\cakephp\cakephp\src\Routing\Middleware\RoutingMiddleware.php, line 95
Cake\Routing\Middleware\RoutingMiddleware::process() E:\xampp_7.2\htdocs\openemis_core_v4\vendor\cakephp\cakephp\src\Routing\Middleware\RoutingMiddleware.php, line 155
Cake\Http\Runner::handle() E:\xampp_7.2\htdocs\openemis_core_v4\vendor\cakephp\cakephp\src\Http\Runner.php, line 82
Cake\Routing\Middleware\AssetMiddleware::process() E:\xampp_7.2\htdocs\openemis_core_v4\vendor\cakephp\cakephp\src\Routing\Middleware\AssetMiddleware.php, line 77
Cake\Http\Runner::handle() E:\xampp_7.2\htdocs\openemis_core_v4\vendor\cakephp\cakephp\src\Http\Runner.php, line 82
Cake\Error\Middleware\ErrorHandlerMiddleware::process() E:\xampp_7.2\htdocs\openemis_core_v4\vendor\cakephp\cakephp\src\Error\Middleware\ErrorHandlerMiddleware.php, line 131
Cake\Http\Runner::handle() E:\xampp_7.2\htdocs\openemis_core_v4\vendor\cakephp\cakephp\src\Http\Runner.php, line 82
Cake\Http\Runner::run() E:\xampp_7.2\htdocs\openemis_core_v4\vendor\cakephp\cakephp\src\Http\Runner.php, line 67
Cake\Http\Server::run() E:\xampp_7.2\htdocs\openemis_core_v4\vendor\cakephp\cakephp\src\Http\Server.php, line 90
[main] E:\xampp_7.2\htdocs\openemis_core_v4\webroot\index.php, line 40

2024-02-01 10:01:55 notice: `Router::connect()` is deprecated, use the non-static method `RouteBuilder::connect()` instead.
E:\xampp_7.2\htdocs\openemis_core_v4\plugins\ProfileTemplate\config\routes.php, line: 6
You can disable all deprecation warnings by setting `Error.errorLevel` to `E_ALL & ~E_USER_DEPRECATED`. Adding `plugins/ProfileTemplate/config/routes.php` to `Error.ignoredDeprecationPaths` in your `config/app.php` config will mute deprecations from that file only.
Request URL: /Directory/Directories/Directories/view/eyJpZCI6bnVsbH0.NzQxNDY3ODllMWMyMWE0NTFkNzVjNTU2NjdhZDY2MWRiNjY2MGZjY2I1YjExNzMwN2Y0NTY5MWQzMGU5ZDUyMA
Referer URL: https://localhost/openemis_core_v4/Directory/Directories/Directories/view/eyJpZCI6MTMxMX0.NTk3Y2Q3MWQ3YWFiNWM4MjI0MjMzZGVjNGY1YzM5MmE2YjZhYmI1MDQ0ZDBiODU2NDQ1MWY2NDU4M2E2Y2QxMA
Client IP: 127.0.0.1
Trace:
deprecationWarning E:\xampp_7.2\htdocs\openemis_core_v4\vendor\cakephp\cakephp\src\Core\functions.php, line 328
Cake\Routing\Router::connect() E:\xampp_7.2\htdocs\openemis_core_v4\vendor\cakephp\cakephp\src\Routing\Router.php, line 214
Cake\Core\BasePlugin::{closure}() E:\xampp_7.2\htdocs\openemis_core_v4\plugins\ProfileTemplate\config\routes.php, line 6
Cake\Routing\RouteBuilder::scope() E:\xampp_7.2\htdocs\openemis_core_v4\vendor\cakephp\cakephp\src\Routing\RouteBuilder.php, line 946
Cake\Routing\Router::scope() E:\xampp_7.2\htdocs\openemis_core_v4\vendor\cakephp\cakephp\src\Routing\Router.php, line 857
require E:\xampp_7.2\htdocs\openemis_core_v4\plugins\ProfileTemplate\config\routes.php, line 7
Cake\Core\BasePlugin::routes() E:\xampp_7.2\htdocs\openemis_core_v4\vendor\cakephp\cakephp\src\Core\BasePlugin.php, line 262
Cake\Http\BaseApplication::pluginRoutes() E:\xampp_7.2\htdocs\openemis_core_v4\vendor\cakephp\cakephp\src\Http\BaseApplication.php, line 211
Cake\Routing\Middleware\RoutingMiddleware::prepareRouteCollection() E:\xampp_7.2\htdocs\openemis_core_v4\vendor\cakephp\cakephp\src\Routing\Middleware\RoutingMiddleware.php, line 137
Cake\Routing\Middleware\RoutingMiddleware::buildRouteCollection() E:\xampp_7.2\htdocs\openemis_core_v4\vendor\cakephp\cakephp\src\Routing\Middleware\RoutingMiddleware.php, line 124
Cake\Routing\Middleware\RoutingMiddleware::loadRoutes() E:\xampp_7.2\htdocs\openemis_core_v4\vendor\cakephp\cakephp\src\Routing\Middleware\RoutingMiddleware.php, line 95
Cake\Routing\Middleware\RoutingMiddleware::process() E:\xampp_7.2\htdocs\openemis_core_v4\vendor\cakephp\cakephp\src\Routing\Middleware\RoutingMiddleware.php, line 155
Cake\Http\Runner::handle() E:\xampp_7.2\htdocs\openemis_core_v4\vendor\cakephp\cakephp\src\Http\Runner.php, line 82
Cake\Routing\Middleware\AssetMiddleware::process() E:\xampp_7.2\htdocs\openemis_core_v4\vendor\cakephp\cakephp\src\Routing\Middleware\AssetMiddleware.php, line 77
Cake\Http\Runner::handle() E:\xampp_7.2\htdocs\openemis_core_v4\vendor\cakephp\cakephp\src\Http\Runner.php, line 82
Cake\Error\Middleware\ErrorHandlerMiddleware::process() E:\xampp_7.2\htdocs\openemis_core_v4\vendor\cakephp\cakephp\src\Error\Middleware\ErrorHandlerMiddleware.php, line 131
Cake\Http\Runner::handle() E:\xampp_7.2\htdocs\openemis_core_v4\vendor\cakephp\cakephp\src\Http\Runner.php, line 82
Cake\Http\Runner::run() E:\xampp_7.2\htdocs\openemis_core_v4\vendor\cakephp\cakephp\src\Http\Runner.php, line 67
Cake\Http\Server::run() E:\xampp_7.2\htdocs\openemis_core_v4\vendor\cakephp\cakephp\src\Http\Server.php, line 90
[main] E:\xampp_7.2\htdocs\openemis_core_v4\webroot\index.php, line 40

2024-02-01 10:01:55 notice: `Router::scope()` is deprecated, use the non-static method `RouteBuilder::scope()` instead.
E:\xampp_7.2\htdocs\openemis_core_v4\plugins\Meal\config\routes.php, line: 7
You can disable all deprecation warnings by setting `Error.errorLevel` to `E_ALL & ~E_USER_DEPRECATED`. Adding `plugins/Meal/config/routes.php` to `Error.ignoredDeprecationPaths` in your `config/app.php` config will mute deprecations from that file only.
Request URL: /Directory/Directories/Directories/view/eyJpZCI6bnVsbH0.NzQxNDY3ODllMWMyMWE0NTFkNzVjNTU2NjdhZDY2MWRiNjY2MGZjY2I1YjExNzMwN2Y0NTY5MWQzMGU5ZDUyMA
Referer URL: https://localhost/openemis_core_v4/Directory/Directories/Directories/view/eyJpZCI6MTMxMX0.NTk3Y2Q3MWQ3YWFiNWM4MjI0MjMzZGVjNGY1YzM5MmE2YjZhYmI1MDQ0ZDBiODU2NDQ1MWY2NDU4M2E2Y2QxMA
Client IP: 127.0.0.1
Trace:
deprecationWarning E:\xampp_7.2\htdocs\openemis_core_v4\vendor\cakephp\cakephp\src\Core\functions.php, line 328
Cake\Routing\Router::scope() E:\xampp_7.2\htdocs\openemis_core_v4\vendor\cakephp\cakephp\src\Routing\Router.php, line 848
require E:\xampp_7.2\htdocs\openemis_core_v4\plugins\Meal\config\routes.php, line 7
Cake\Core\BasePlugin::routes() E:\xampp_7.2\htdocs\openemis_core_v4\vendor\cakephp\cakephp\src\Core\BasePlugin.php, line 262
Cake\Http\BaseApplication::pluginRoutes() E:\xampp_7.2\htdocs\openemis_core_v4\vendor\cakephp\cakephp\src\Http\BaseApplication.php, line 211
Cake\Routing\Middleware\RoutingMiddleware::prepareRouteCollection() E:\xampp_7.2\htdocs\openemis_core_v4\vendor\cakephp\cakephp\src\Routing\Middleware\RoutingMiddleware.php, line 137
Cake\Routing\Middleware\RoutingMiddleware::buildRouteCollection() E:\xampp_7.2\htdocs\openemis_core_v4\vendor\cakephp\cakephp\src\Routing\Middleware\RoutingMiddleware.php, line 124
Cake\Routing\Middleware\RoutingMiddleware::loadRoutes() E:\xampp_7.2\htdocs\openemis_core_v4\vendor\cakephp\cakephp\src\Routing\Middleware\RoutingMiddleware.php, line 95
Cake\Routing\Middleware\RoutingMiddleware::process() E:\xampp_7.2\htdocs\openemis_core_v4\vendor\cakephp\cakephp\src\Routing\Middleware\RoutingMiddleware.php, line 155
Cake\Http\Runner::handle() E:\xampp_7.2\htdocs\openemis_core_v4\vendor\cakephp\cakephp\src\Http\Runner.php, line 82
Cake\Routing\Middleware\AssetMiddleware::process() E:\xampp_7.2\htdocs\openemis_core_v4\vendor\cakephp\cakephp\src\Routing\Middleware\AssetMiddleware.php, line 77
Cake\Http\Runner::handle() E:\xampp_7.2\htdocs\openemis_core_v4\vendor\cakephp\cakephp\src\Http\Runner.php, line 82
Cake\Error\Middleware\ErrorHandlerMiddleware::process() E:\xampp_7.2\htdocs\openemis_core_v4\vendor\cakephp\cakephp\src\Error\Middleware\ErrorHandlerMiddleware.php, line 131
Cake\Http\Runner::handle() E:\xampp_7.2\htdocs\openemis_core_v4\vendor\cakephp\cakephp\src\Http\Runner.php, line 82
Cake\Http\Runner::run() E:\xampp_7.2\htdocs\openemis_core_v4\vendor\cakephp\cakephp\src\Http\Runner.php, line 67
Cake\Http\Server::run() E:\xampp_7.2\htdocs\openemis_core_v4\vendor\cakephp\cakephp\src\Http\Server.php, line 90
[main] E:\xampp_7.2\htdocs\openemis_core_v4\webroot\index.php, line 40

2024-02-01 10:01:55 notice: `Router::connect()` is deprecated, use the non-static method `RouteBuilder::connect()` instead.
E:\xampp_7.2\htdocs\openemis_core_v4\plugins\Meal\config\routes.php, line: 5
You can disable all deprecation warnings by setting `Error.errorLevel` to `E_ALL & ~E_USER_DEPRECATED`. Adding `plugins/Meal/config/routes.php` to `Error.ignoredDeprecationPaths` in your `config/app.php` config will mute deprecations from that file only.
Request URL: /Directory/Directories/Directories/view/eyJpZCI6bnVsbH0.NzQxNDY3ODllMWMyMWE0NTFkNzVjNTU2NjdhZDY2MWRiNjY2MGZjY2I1YjExNzMwN2Y0NTY5MWQzMGU5ZDUyMA
Referer URL: https://localhost/openemis_core_v4/Directory/Directories/Directories/view/eyJpZCI6MTMxMX0.NTk3Y2Q3MWQ3YWFiNWM4MjI0MjMzZGVjNGY1YzM5MmE2YjZhYmI1MDQ0ZDBiODU2NDQ1MWY2NDU4M2E2Y2QxMA
Client IP: 127.0.0.1
Trace:
deprecationWarning E:\xampp_7.2\htdocs\openemis_core_v4\vendor\cakephp\cakephp\src\Core\functions.php, line 328
Cake\Routing\Router::connect() E:\xampp_7.2\htdocs\openemis_core_v4\vendor\cakephp\cakephp\src\Routing\Router.php, line 214
Cake\Core\BasePlugin::{closure}() E:\xampp_7.2\htdocs\openemis_core_v4\plugins\Meal\config\routes.php, line 5
Cake\Routing\RouteBuilder::scope() E:\xampp_7.2\htdocs\openemis_core_v4\vendor\cakephp\cakephp\src\Routing\RouteBuilder.php, line 946
Cake\Routing\Router::scope() E:\xampp_7.2\htdocs\openemis_core_v4\vendor\cakephp\cakephp\src\Routing\Router.php, line 857
require E:\xampp_7.2\htdocs\openemis_core_v4\plugins\Meal\config\routes.php, line 7
Cake\Core\BasePlugin::routes() E:\xampp_7.2\htdocs\openemis_core_v4\vendor\cakephp\cakephp\src\Core\BasePlugin.php, line 262
Cake\Http\BaseApplication::pluginRoutes() E:\xampp_7.2\htdocs\openemis_core_v4\vendor\cakephp\cakephp\src\Http\BaseApplication.php, line 211
Cake\Routing\Middleware\RoutingMiddleware::prepareRouteCollection() E:\xampp_7.2\htdocs\openemis_core_v4\vendor\cakephp\cakephp\src\Routing\Middleware\RoutingMiddleware.php, line 137
Cake\Routing\Middleware\RoutingMiddleware::buildRouteCollection() E:\xampp_7.2\htdocs\openemis_core_v4\vendor\cakephp\cakephp\src\Routing\Middleware\RoutingMiddleware.php, line 124
Cake\Routing\Middleware\RoutingMiddleware::loadRoutes() E:\xampp_7.2\htdocs\openemis_core_v4\vendor\cakephp\cakephp\src\Routing\Middleware\RoutingMiddleware.php, line 95
Cake\Routing\Middleware\RoutingMiddleware::process() E:\xampp_7.2\htdocs\openemis_core_v4\vendor\cakephp\cakephp\src\Routing\Middleware\RoutingMiddleware.php, line 155
Cake\Http\Runner::handle() E:\xampp_7.2\htdocs\openemis_core_v4\vendor\cakephp\cakephp\src\Http\Runner.php, line 82
Cake\Routing\Middleware\AssetMiddleware::process() E:\xampp_7.2\htdocs\openemis_core_v4\vendor\cakephp\cakephp\src\Routing\Middleware\AssetMiddleware.php, line 77
Cake\Http\Runner::handle() E:\xampp_7.2\htdocs\openemis_core_v4\vendor\cakephp\cakephp\src\Http\Runner.php, line 82
Cake\Error\Middleware\ErrorHandlerMiddleware::process() E:\xampp_7.2\htdocs\openemis_core_v4\vendor\cakephp\cakephp\src\Error\Middleware\ErrorHandlerMiddleware.php, line 131
Cake\Http\Runner::handle() E:\xampp_7.2\htdocs\openemis_core_v4\vendor\cakephp\cakephp\src\Http\Runner.php, line 82
Cake\Http\Runner::run() E:\xampp_7.2\htdocs\openemis_core_v4\vendor\cakephp\cakephp\src\Http\Runner.php, line 67
Cake\Http\Server::run() E:\xampp_7.2\htdocs\openemis_core_v4\vendor\cakephp\cakephp\src\Http\Server.php, line 90
[main] E:\xampp_7.2\htdocs\openemis_core_v4\webroot\index.php, line 40

2024-02-01 10:01:55 notice: `Router::connect()` is deprecated, use the non-static method `RouteBuilder::connect()` instead.
E:\xampp_7.2\htdocs\openemis_core_v4\plugins\Meal\config\routes.php, line: 6
You can disable all deprecation warnings by setting `Error.errorLevel` to `E_ALL & ~E_USER_DEPRECATED`. Adding `plugins/Meal/config/routes.php` to `Error.ignoredDeprecationPaths` in your `config/app.php` config will mute deprecations from that file only.
Request URL: /Directory/Directories/Directories/view/eyJpZCI6bnVsbH0.NzQxNDY3ODllMWMyMWE0NTFkNzVjNTU2NjdhZDY2MWRiNjY2MGZjY2I1YjExNzMwN2Y0NTY5MWQzMGU5ZDUyMA
Referer URL: https://localhost/openemis_core_v4/Directory/Directories/Directories/view/eyJpZCI6MTMxMX0.NTk3Y2Q3MWQ3YWFiNWM4MjI0MjMzZGVjNGY1YzM5MmE2YjZhYmI1MDQ0ZDBiODU2NDQ1MWY2NDU4M2E2Y2QxMA
Client IP: 127.0.0.1
Trace:
deprecationWarning E:\xampp_7.2\htdocs\openemis_core_v4\vendor\cakephp\cakephp\src\Core\functions.php, line 328
Cake\Routing\Router::connect() E:\xampp_7.2\htdocs\openemis_core_v4\vendor\cakephp\cakephp\src\Routing\Router.php, line 214
Cake\Core\BasePlugin::{closure}() E:\xampp_7.2\htdocs\openemis_core_v4\plugins\Meal\config\routes.php, line 6
Cake\Routing\RouteBuilder::scope() E:\xampp_7.2\htdocs\openemis_core_v4\vendor\cakephp\cakephp\src\Routing\RouteBuilder.php, line 946
Cake\Routing\Router::scope() E:\xampp_7.2\htdocs\openemis_core_v4\vendor\cakephp\cakephp\src\Routing\Router.php, line 857
require E:\xampp_7.2\htdocs\openemis_core_v4\plugins\Meal\config\routes.php, line 7
Cake\Core\BasePlugin::routes() E:\xampp_7.2\htdocs\openemis_core_v4\vendor\cakephp\cakephp\src\Core\BasePlugin.php, line 262
Cake\Http\BaseApplication::pluginRoutes() E:\xampp_7.2\htdocs\openemis_core_v4\vendor\cakephp\cakephp\src\Http\BaseApplication.php, line 211
Cake\Routing\Middleware\RoutingMiddleware::prepareRouteCollection() E:\xampp_7.2\htdocs\openemis_core_v4\vendor\cakephp\cakephp\src\Routing\Middleware\RoutingMiddleware.php, line 137
Cake\Routing\Middleware\RoutingMiddleware::buildRouteCollection() E:\xampp_7.2\htdocs\openemis_core_v4\vendor\cakephp\cakephp\src\Routing\Middleware\RoutingMiddleware.php, line 124
Cake\Routing\Middleware\RoutingMiddleware::loadRoutes() E:\xampp_7.2\htdocs\openemis_core_v4\vendor\cakephp\cakephp\src\Routing\Middleware\RoutingMiddleware.php, line 95
Cake\Routing\Middleware\RoutingMiddleware::process() E:\xampp_7.2\htdocs\openemis_core_v4\vendor\cakephp\cakephp\src\Routing\Middleware\RoutingMiddleware.php, line 155
Cake\Http\Runner::handle() E:\xampp_7.2\htdocs\openemis_core_v4\vendor\cakephp\cakephp\src\Http\Runner.php, line 82
Cake\Routing\Middleware\AssetMiddleware::process() E:\xampp_7.2\htdocs\openemis_core_v4\vendor\cakephp\cakephp\src\Routing\Middleware\AssetMiddleware.php, line 77
Cake\Http\Runner::handle() E:\xampp_7.2\htdocs\openemis_core_v4\vendor\cakephp\cakephp\src\Http\Runner.php, line 82
Cake\Error\Middleware\ErrorHandlerMiddleware::process() E:\xampp_7.2\htdocs\openemis_core_v4\vendor\cakephp\cakephp\src\Error\Middleware\ErrorHandlerMiddleware.php, line 131
Cake\Http\Runner::handle() E:\xampp_7.2\htdocs\openemis_core_v4\vendor\cakephp\cakephp\src\Http\Runner.php, line 82
Cake\Http\Runner::run() E:\xampp_7.2\htdocs\openemis_core_v4\vendor\cakephp\cakephp\src\Http\Runner.php, line 67
Cake\Http\Server::run() E:\xampp_7.2\htdocs\openemis_core_v4\vendor\cakephp\cakephp\src\Http\Server.php, line 90
[main] E:\xampp_7.2\htdocs\openemis_core_v4\webroot\index.php, line 40

2024-02-01 10:01:55 notice: `Router::scope()` is deprecated, use the non-static method `RouteBuilder::scope()` instead.
E:\xampp_7.2\htdocs\openemis_core_v4\plugins\GuardianNav\config\routes.php, line: 7
You can disable all deprecation warnings by setting `Error.errorLevel` to `E_ALL & ~E_USER_DEPRECATED`. Adding `plugins/GuardianNav/config/routes.php` to `Error.ignoredDeprecationPaths` in your `config/app.php` config will mute deprecations from that file only.
Request URL: /Directory/Directories/Directories/view/eyJpZCI6bnVsbH0.NzQxNDY3ODllMWMyMWE0NTFkNzVjNTU2NjdhZDY2MWRiNjY2MGZjY2I1YjExNzMwN2Y0NTY5MWQzMGU5ZDUyMA
Referer URL: https://localhost/openemis_core_v4/Directory/Directories/Directories/view/eyJpZCI6MTMxMX0.NTk3Y2Q3MWQ3YWFiNWM4MjI0MjMzZGVjNGY1YzM5MmE2YjZhYmI1MDQ0ZDBiODU2NDQ1MWY2NDU4M2E2Y2QxMA
Client IP: 127.0.0.1
Trace:
deprecationWarning E:\xampp_7.2\htdocs\openemis_core_v4\vendor\cakephp\cakephp\src\Core\functions.php, line 328
Cake\Routing\Router::scope() E:\xampp_7.2\htdocs\openemis_core_v4\vendor\cakephp\cakephp\src\Routing\Router.php, line 848
require E:\xampp_7.2\htdocs\openemis_core_v4\plugins\GuardianNav\config\routes.php, line 7
Cake\Core\BasePlugin::routes() E:\xampp_7.2\htdocs\openemis_core_v4\vendor\cakephp\cakephp\src\Core\BasePlugin.php, line 262
Cake\Http\BaseApplication::pluginRoutes() E:\xampp_7.2\htdocs\openemis_core_v4\vendor\cakephp\cakephp\src\Http\BaseApplication.php, line 211
Cake\Routing\Middleware\RoutingMiddleware::prepareRouteCollection() E:\xampp_7.2\htdocs\openemis_core_v4\vendor\cakephp\cakephp\src\Routing\Middleware\RoutingMiddleware.php, line 137
Cake\Routing\Middleware\RoutingMiddleware::buildRouteCollection() E:\xampp_7.2\htdocs\openemis_core_v4\vendor\cakephp\cakephp\src\Routing\Middleware\RoutingMiddleware.php, line 124
Cake\Routing\Middleware\RoutingMiddleware::loadRoutes() E:\xampp_7.2\htdocs\openemis_core_v4\vendor\cakephp\cakephp\src\Routing\Middleware\RoutingMiddleware.php, line 95
Cake\Routing\Middleware\RoutingMiddleware::process() E:\xampp_7.2\htdocs\openemis_core_v4\vendor\cakephp\cakephp\src\Routing\Middleware\RoutingMiddleware.php, line 155
Cake\Http\Runner::handle() E:\xampp_7.2\htdocs\openemis_core_v4\vendor\cakephp\cakephp\src\Http\Runner.php, line 82
Cake\Routing\Middleware\AssetMiddleware::process() E:\xampp_7.2\htdocs\openemis_core_v4\vendor\cakephp\cakephp\src\Routing\Middleware\AssetMiddleware.php, line 77
Cake\Http\Runner::handle() E:\xampp_7.2\htdocs\openemis_core_v4\vendor\cakephp\cakephp\src\Http\Runner.php, line 82
Cake\Error\Middleware\ErrorHandlerMiddleware::process() E:\xampp_7.2\htdocs\openemis_core_v4\vendor\cakephp\cakephp\src\Error\Middleware\ErrorHandlerMiddleware.php, line 131
Cake\Http\Runner::handle() E:\xampp_7.2\htdocs\openemis_core_v4\vendor\cakephp\cakephp\src\Http\Runner.php, line 82
Cake\Http\Runner::run() E:\xampp_7.2\htdocs\openemis_core_v4\vendor\cakephp\cakephp\src\Http\Runner.php, line 67
Cake\Http\Server::run() E:\xampp_7.2\htdocs\openemis_core_v4\vendor\cakephp\cakephp\src\Http\Server.php, line 90
[main] E:\xampp_7.2\htdocs\openemis_core_v4\webroot\index.php, line 40

2024-02-01 10:01:55 notice: `Router::connect()` is deprecated, use the non-static method `RouteBuilder::connect()` instead.
E:\xampp_7.2\htdocs\openemis_core_v4\plugins\GuardianNav\config\routes.php, line: 5
You can disable all deprecation warnings by setting `Error.errorLevel` to `E_ALL & ~E_USER_DEPRECATED`. Adding `plugins/GuardianNav/config/routes.php` to `Error.ignoredDeprecationPaths` in your `config/app.php` config will mute deprecations from that file only.
Request URL: /Directory/Directories/Directories/view/eyJpZCI6bnVsbH0.NzQxNDY3ODllMWMyMWE0NTFkNzVjNTU2NjdhZDY2MWRiNjY2MGZjY2I1YjExNzMwN2Y0NTY5MWQzMGU5ZDUyMA
Referer URL: https://localhost/openemis_core_v4/Directory/Directories/Directories/view/eyJpZCI6MTMxMX0.NTk3Y2Q3MWQ3YWFiNWM4MjI0MjMzZGVjNGY1YzM5MmE2YjZhYmI1MDQ0ZDBiODU2NDQ1MWY2NDU4M2E2Y2QxMA
Client IP: 127.0.0.1
Trace:
deprecationWarning E:\xampp_7.2\htdocs\openemis_core_v4\vendor\cakephp\cakephp\src\Core\functions.php, line 328
Cake\Routing\Router::connect() E:\xampp_7.2\htdocs\openemis_core_v4\vendor\cakephp\cakephp\src\Routing\Router.php, line 214
Cake\Core\BasePlugin::{closure}() E:\xampp_7.2\htdocs\openemis_core_v4\plugins\GuardianNav\config\routes.php, line 5
Cake\Routing\RouteBuilder::scope() E:\xampp_7.2\htdocs\openemis_core_v4\vendor\cakephp\cakephp\src\Routing\RouteBuilder.php, line 946
Cake\Routing\Router::scope() E:\xampp_7.2\htdocs\openemis_core_v4\vendor\cakephp\cakephp\src\Routing\Router.php, line 857
require E:\xampp_7.2\htdocs\openemis_core_v4\plugins\GuardianNav\config\routes.php, line 7
Cake\Core\BasePlugin::routes() E:\xampp_7.2\htdocs\openemis_core_v4\vendor\cakephp\cakephp\src\Core\BasePlugin.php, line 262
Cake\Http\BaseApplication::pluginRoutes() E:\xampp_7.2\htdocs\openemis_core_v4\vendor\cakephp\cakephp\src\Http\BaseApplication.php, line 211
Cake\Routing\Middleware\RoutingMiddleware::prepareRouteCollection() E:\xampp_7.2\htdocs\openemis_core_v4\vendor\cakephp\cakephp\src\Routing\Middleware\RoutingMiddleware.php, line 137
Cake\Routing\Middleware\RoutingMiddleware::buildRouteCollection() E:\xampp_7.2\htdocs\openemis_core_v4\vendor\cakephp\cakephp\src\Routing\Middleware\RoutingMiddleware.php, line 124
Cake\Routing\Middleware\RoutingMiddleware::loadRoutes() E:\xampp_7.2\htdocs\openemis_core_v4\vendor\cakephp\cakephp\src\Routing\Middleware\RoutingMiddleware.php, line 95
Cake\Routing\Middleware\RoutingMiddleware::process() E:\xampp_7.2\htdocs\openemis_core_v4\vendor\cakephp\cakephp\src\Routing\Middleware\RoutingMiddleware.php, line 155
Cake\Http\Runner::handle() E:\xampp_7.2\htdocs\openemis_core_v4\vendor\cakephp\cakephp\src\Http\Runner.php, line 82
Cake\Routing\Middleware\AssetMiddleware::process() E:\xampp_7.2\htdocs\openemis_core_v4\vendor\cakephp\cakephp\src\Routing\Middleware\AssetMiddleware.php, line 77
Cake\Http\Runner::handle() E:\xampp_7.2\htdocs\openemis_core_v4\vendor\cakephp\cakephp\src\Http\Runner.php, line 82
Cake\Error\Middleware\ErrorHandlerMiddleware::process() E:\xampp_7.2\htdocs\openemis_core_v4\vendor\cakephp\cakephp\src\Error\Middleware\ErrorHandlerMiddleware.php, line 131
Cake\Http\Runner::handle() E:\xampp_7.2\htdocs\openemis_core_v4\vendor\cakephp\cakephp\src\Http\Runner.php, line 82
Cake\Http\Runner::run() E:\xampp_7.2\htdocs\openemis_core_v4\vendor\cakephp\cakephp\src\Http\Runner.php, line 67
Cake\Http\Server::run() E:\xampp_7.2\htdocs\openemis_core_v4\vendor\cakephp\cakephp\src\Http\Server.php, line 90
[main] E:\xampp_7.2\htdocs\openemis_core_v4\webroot\index.php, line 40

2024-02-01 10:01:55 notice: `Router::connect()` is deprecated, use the non-static method `RouteBuilder::connect()` instead.
E:\xampp_7.2\htdocs\openemis_core_v4\plugins\GuardianNav\config\routes.php, line: 6
You can disable all deprecation warnings by setting `Error.errorLevel` to `E_ALL & ~E_USER_DEPRECATED`. Adding `plugins/GuardianNav/config/routes.php` to `Error.ignoredDeprecationPaths` in your `config/app.php` config will mute deprecations from that file only.
Request URL: /Directory/Directories/Directories/view/eyJpZCI6bnVsbH0.NzQxNDY3ODllMWMyMWE0NTFkNzVjNTU2NjdhZDY2MWRiNjY2MGZjY2I1YjExNzMwN2Y0NTY5MWQzMGU5ZDUyMA
Referer URL: https://localhost/openemis_core_v4/Directory/Directories/Directories/view/eyJpZCI6MTMxMX0.NTk3Y2Q3MWQ3YWFiNWM4MjI0MjMzZGVjNGY1YzM5MmE2YjZhYmI1MDQ0ZDBiODU2NDQ1MWY2NDU4M2E2Y2QxMA
Client IP: 127.0.0.1
Trace:
deprecationWarning E:\xampp_7.2\htdocs\openemis_core_v4\vendor\cakephp\cakephp\src\Core\functions.php, line 328
Cake\Routing\Router::connect() E:\xampp_7.2\htdocs\openemis_core_v4\vendor\cakephp\cakephp\src\Routing\Router.php, line 214
Cake\Core\BasePlugin::{closure}() E:\xampp_7.2\htdocs\openemis_core_v4\plugins\GuardianNav\config\routes.php, line 6
Cake\Routing\RouteBuilder::scope() E:\xampp_7.2\htdocs\openemis_core_v4\vendor\cakephp\cakephp\src\Routing\RouteBuilder.php, line 946
Cake\Routing\Router::scope() E:\xampp_7.2\htdocs\openemis_core_v4\vendor\cakephp\cakephp\src\Routing\Router.php, line 857
require E:\xampp_7.2\htdocs\openemis_core_v4\plugins\GuardianNav\config\routes.php, line 7
Cake\Core\BasePlugin::routes() E:\xampp_7.2\htdocs\openemis_core_v4\vendor\cakephp\cakephp\src\Core\BasePlugin.php, line 262
Cake\Http\BaseApplication::pluginRoutes() E:\xampp_7.2\htdocs\openemis_core_v4\vendor\cakephp\cakephp\src\Http\BaseApplication.php, line 211
Cake\Routing\Middleware\RoutingMiddleware::prepareRouteCollection() E:\xampp_7.2\htdocs\openemis_core_v4\vendor\cakephp\cakephp\src\Routing\Middleware\RoutingMiddleware.php, line 137
Cake\Routing\Middleware\RoutingMiddleware::buildRouteCollection() E:\xampp_7.2\htdocs\openemis_core_v4\vendor\cakephp\cakephp\src\Routing\Middleware\RoutingMiddleware.php, line 124
Cake\Routing\Middleware\RoutingMiddleware::loadRoutes() E:\xampp_7.2\htdocs\openemis_core_v4\vendor\cakephp\cakephp\src\Routing\Middleware\RoutingMiddleware.php, line 95
Cake\Routing\Middleware\RoutingMiddleware::process() E:\xampp_7.2\htdocs\openemis_core_v4\vendor\cakephp\cakephp\src\Routing\Middleware\RoutingMiddleware.php, line 155
Cake\Http\Runner::handle() E:\xampp_7.2\htdocs\openemis_core_v4\vendor\cakephp\cakephp\src\Http\Runner.php, line 82
Cake\Routing\Middleware\AssetMiddleware::process() E:\xampp_7.2\htdocs\openemis_core_v4\vendor\cakephp\cakephp\src\Routing\Middleware\AssetMiddleware.php, line 77
Cake\Http\Runner::handle() E:\xampp_7.2\htdocs\openemis_core_v4\vendor\cakephp\cakephp\src\Http\Runner.php, line 82
Cake\Error\Middleware\ErrorHandlerMiddleware::process() E:\xampp_7.2\htdocs\openemis_core_v4\vendor\cakephp\cakephp\src\Error\Middleware\ErrorHandlerMiddleware.php, line 131
Cake\Http\Runner::handle() E:\xampp_7.2\htdocs\openemis_core_v4\vendor\cakephp\cakephp\src\Http\Runner.php, line 82
Cake\Http\Runner::run() E:\xampp_7.2\htdocs\openemis_core_v4\vendor\cakephp\cakephp\src\Http\Runner.php, line 67
Cake\Http\Server::run() E:\xampp_7.2\htdocs\openemis_core_v4\vendor\cakephp\cakephp\src\Http\Server.php, line 90
[main] E:\xampp_7.2\htdocs\openemis_core_v4\webroot\index.php, line 40

2024-02-01 10:01:55 notice: `Router::scope()` is deprecated, use the non-static method `RouteBuilder::scope()` instead.
E:\xampp_7.2\htdocs\openemis_core_v4\plugins\Archive\config\routes.php, line: 28
You can disable all deprecation warnings by setting `Error.errorLevel` to `E_ALL & ~E_USER_DEPRECATED`. Adding `plugins/Archive/config/routes.php` to `Error.ignoredDeprecationPaths` in your `config/app.php` config will mute deprecations from that file only.
Request URL: /Directory/Directories/Directories/view/eyJpZCI6bnVsbH0.NzQxNDY3ODllMWMyMWE0NTFkNzVjNTU2NjdhZDY2MWRiNjY2MGZjY2I1YjExNzMwN2Y0NTY5MWQzMGU5ZDUyMA
Referer URL: https://localhost/openemis_core_v4/Directory/Directories/Directories/view/eyJpZCI6MTMxMX0.NTk3Y2Q3MWQ3YWFiNWM4MjI0MjMzZGVjNGY1YzM5MmE2YjZhYmI1MDQ0ZDBiODU2NDQ1MWY2NDU4M2E2Y2QxMA
Client IP: 127.0.0.1
Trace:
deprecationWarning E:\xampp_7.2\htdocs\openemis_core_v4\vendor\cakephp\cakephp\src\Core\functions.php, line 328
Cake\Routing\Router::scope() E:\xampp_7.2\htdocs\openemis_core_v4\vendor\cakephp\cakephp\src\Routing\Router.php, line 848
require E:\xampp_7.2\htdocs\openemis_core_v4\plugins\Archive\config\routes.php, line 28
Cake\Core\BasePlugin::routes() E:\xampp_7.2\htdocs\openemis_core_v4\vendor\cakephp\cakephp\src\Core\BasePlugin.php, line 262
Cake\Http\BaseApplication::pluginRoutes() E:\xampp_7.2\htdocs\openemis_core_v4\vendor\cakephp\cakephp\src\Http\BaseApplication.php, line 211
Cake\Routing\Middleware\RoutingMiddleware::prepareRouteCollection() E:\xampp_7.2\htdocs\openemis_core_v4\vendor\cakephp\cakephp\src\Routing\Middleware\RoutingMiddleware.php, line 137
Cake\Routing\Middleware\RoutingMiddleware::buildRouteCollection() E:\xampp_7.2\htdocs\openemis_core_v4\vendor\cakephp\cakephp\src\Routing\Middleware\RoutingMiddleware.php, line 124
Cake\Routing\Middleware\RoutingMiddleware::loadRoutes() E:\xampp_7.2\htdocs\openemis_core_v4\vendor\cakephp\cakephp\src\Routing\Middleware\RoutingMiddleware.php, line 95
Cake\Routing\Middleware\RoutingMiddleware::process() E:\xampp_7.2\htdocs\openemis_core_v4\vendor\cakephp\cakephp\src\Routing\Middleware\RoutingMiddleware.php, line 155
Cake\Http\Runner::handle() E:\xampp_7.2\htdocs\openemis_core_v4\vendor\cakephp\cakephp\src\Http\Runner.php, line 82
Cake\Routing\Middleware\AssetMiddleware::process() E:\xampp_7.2\htdocs\openemis_core_v4\vendor\cakephp\cakephp\src\Routing\Middleware\AssetMiddleware.php, line 77
Cake\Http\Runner::handle() E:\xampp_7.2\htdocs\openemis_core_v4\vendor\cakephp\cakephp\src\Http\Runner.php, line 82
Cake\Error\Middleware\ErrorHandlerMiddleware::process() E:\xampp_7.2\htdocs\openemis_core_v4\vendor\cakephp\cakephp\src\Error\Middleware\ErrorHandlerMiddleware.php, line 131
Cake\Http\Runner::handle() E:\xampp_7.2\htdocs\openemis_core_v4\vendor\cakephp\cakephp\src\Http\Runner.php, line 82
Cake\Http\Runner::run() E:\xampp_7.2\htdocs\openemis_core_v4\vendor\cakephp\cakephp\src\Http\Runner.php, line 67
Cake\Http\Server::run() E:\xampp_7.2\htdocs\openemis_core_v4\vendor\cakephp\cakephp\src\Http\Server.php, line 90
[main] E:\xampp_7.2\htdocs\openemis_core_v4\webroot\index.php, line 40

2024-02-01 10:01:55 notice: Colon prefixed route placeholders like `:foo` are deprecated. Use braced placeholders like `{foo}` instead.
E:\xampp_7.2\htdocs\openemis_core_v4\vendor\cakephp\cakephp\src\Routing\Route\Route.php, line: 302
You can disable all deprecation warnings by setting `Error.errorLevel` to `E_ALL & ~E_USER_DEPRECATED`. Adding `vendor/cakephp/cakephp/src/Routing/Route/Route.php` to `Error.ignoredDeprecationPaths` in your `config/app.php` config will mute deprecations from that file only.
Request URL: /Directory/Directories/Directories/view/eyJpZCI6bnVsbH0.NzQxNDY3ODllMWMyMWE0NTFkNzVjNTU2NjdhZDY2MWRiNjY2MGZjY2I1YjExNzMwN2Y0NTY5MWQzMGU5ZDUyMA
Referer URL: https://localhost/openemis_core_v4/Directory/Directories/Directories/view/eyJpZCI6MTMxMX0.NTk3Y2Q3MWQ3YWFiNWM4MjI0MjMzZGVjNGY1YzM5MmE2YjZhYmI1MDQ0ZDBiODU2NDQ1MWY2NDU4M2E2Y2QxMA
Client IP: 127.0.0.1
Trace:
deprecationWarning E:\xampp_7.2\htdocs\openemis_core_v4\vendor\cakephp\cakephp\src\Core\functions.php, line 328
Cake\Routing\Route\Route::_writeRoute() E:\xampp_7.2\htdocs\openemis_core_v4\vendor\cakephp\cakephp\src\Routing\Route\Route.php, line 342
Cake\Routing\Route\Route::compile() E:\xampp_7.2\htdocs\openemis_core_v4\vendor\cakephp\cakephp\src\Routing\Route\Route.php, line 302
Cake\Routing\Route\Route::parse() E:\xampp_7.2\htdocs\openemis_core_v4\vendor\cakephp\cakephp\src\Routing\Route\Route.php, line 473
Cake\Routing\Route\Route::parseRequest() E:\xampp_7.2\htdocs\openemis_core_v4\vendor\cakephp\cakephp\src\Routing\Route\Route.php, line 449
Cake\Routing\RouteCollection::parseRequest() E:\xampp_7.2\htdocs\openemis_core_v4\vendor\cakephp\cakephp\src\Routing\RouteCollection.php, line 185
Cake\Routing\Router::parseRequest() E:\xampp_7.2\htdocs\openemis_core_v4\vendor\cakephp\cakephp\src\Routing\Router.php, line 232
Cake\Routing\Middleware\RoutingMiddleware::process() E:\xampp_7.2\htdocs\openemis_core_v4\vendor\cakephp\cakephp\src\Routing\Middleware\RoutingMiddleware.php, line 161
Cake\Http\Runner::handle() E:\xampp_7.2\htdocs\openemis_core_v4\vendor\cakephp\cakephp\src\Http\Runner.php, line 82
Cake\Routing\Middleware\AssetMiddleware::process() E:\xampp_7.2\htdocs\openemis_core_v4\vendor\cakephp\cakephp\src\Routing\Middleware\AssetMiddleware.php, line 77
Cake\Http\Runner::handle() E:\xampp_7.2\htdocs\openemis_core_v4\vendor\cakephp\cakephp\src\Http\Runner.php, line 82
Cake\Error\Middleware\ErrorHandlerMiddleware::process() E:\xampp_7.2\htdocs\openemis_core_v4\vendor\cakephp\cakephp\src\Error\Middleware\ErrorHandlerMiddleware.php, line 131
Cake\Http\Runner::handle() E:\xampp_7.2\htdocs\openemis_core_v4\vendor\cakephp\cakephp\src\Http\Runner.php, line 82
Cake\Http\Runner::run() E:\xampp_7.2\htdocs\openemis_core_v4\vendor\cakephp\cakephp\src\Http\Runner.php, line 67
Cake\Http\Server::run() E:\xampp_7.2\htdocs\openemis_core_v4\vendor\cakephp\cakephp\src\Http\Server.php, line 90
[main] E:\xampp_7.2\htdocs\openemis_core_v4\webroot\index.php, line 40

2024-02-01 10:01:55 notice: PaginatorComponent is deprecated, use a Cake\Datasource\Pagination\NumericPaginator instance directly.
E:\xampp_7.2\htdocs\openemis_core_v4\vendor\cakephp\cakephp\src\Controller\ComponentRegistry.php, line: 133
You can disable all deprecation warnings by setting `Error.errorLevel` to `E_ALL & ~E_USER_DEPRECATED`. Adding `vendor/cakephp/cakephp/src/Controller/ComponentRegistry.php` to `Error.ignoredDeprecationPaths` in your `config/app.php` config will mute deprecations from that file only.
Request URL: /Directory/Directories/Directories/view/eyJpZCI6bnVsbH0.NzQxNDY3ODllMWMyMWE0NTFkNzVjNTU2NjdhZDY2MWRiNjY2MGZjY2I1YjExNzMwN2Y0NTY5MWQzMGU5ZDUyMA
Referer URL: https://localhost/openemis_core_v4/Directory/Directories/Directories/view/eyJpZCI6MTMxMX0.NTk3Y2Q3MWQ3YWFiNWM4MjI0MjMzZGVjNGY1YzM5MmE2YjZhYmI1MDQ0ZDBiODU2NDQ1MWY2NDU4M2E2Y2QxMA
Client IP: 127.0.0.1
Trace:
deprecationWarning E:\xampp_7.2\htdocs\openemis_core_v4\vendor\cakephp\cakephp\src\Core\functions.php, line 328
Cake\Controller\Component\PaginatorComponent::__construct() E:\xampp_7.2\htdocs\openemis_core_v4\vendor\cakephp\cakephp\src\Controller\Component\PaginatorComponent.php, line 55
Cake\Controller\ComponentRegistry::_create() E:\xampp_7.2\htdocs\openemis_core_v4\vendor\cakephp\cakephp\src\Controller\ComponentRegistry.php, line 133
Cake\Core\ObjectRegistry::load() E:\xampp_7.2\htdocs\openemis_core_v4\vendor\cakephp\cakephp\src\Core\ObjectRegistry.php, line 110
Cake\Controller\Controller::loadComponent() E:\xampp_7.2\htdocs\openemis_core_v4\vendor\cakephp\cakephp\src\Controller\Controller.php, line 304
App\Controller\AppController::initialize() E:\xampp_7.2\htdocs\openemis_core_v4\src\Controller\AppController.php, line 122
Directory\Controller\DirectoriesController::initialize() E:\xampp_7.2\htdocs\openemis_core_v4\plugins\Directory\src\Controller\DirectoriesController.php, line 26
Cake\Controller\Controller::__construct() E:\xampp_7.2\htdocs\openemis_core_v4\vendor\cakephp\cakephp\src\Controller\Controller.php, line 229
ReflectionClass::newInstance() [internal], line ??
Cake\Controller\ControllerFactory::create() E:\xampp_7.2\htdocs\openemis_core_v4\vendor\cakephp\cakephp\src\Controller\ControllerFactory.php, line 87
Cake\Http\BaseApplication::handle() E:\xampp_7.2\htdocs\openemis_core_v4\vendor\cakephp\cakephp\src\Http\BaseApplication.php, line 318
Cake\Http\Runner::handle() E:\xampp_7.2\htdocs\openemis_core_v4\vendor\cakephp\cakephp\src\Http\Runner.php, line 86
Cake\Http\Middleware\BodyParserMiddleware::process() E:\xampp_7.2\htdocs\openemis_core_v4\vendor\cakephp\cakephp\src\Http\Middleware\BodyParserMiddleware.php, line 157
Cake\Http\Runner::handle() E:\xampp_7.2\htdocs\openemis_core_v4\vendor\cakephp\cakephp\src\Http\Runner.php, line 82
Cake\Routing\Middleware\RoutingMiddleware::process() E:\xampp_7.2\htdocs\openemis_core_v4\vendor\cakephp\cakephp\src\Routing\Middleware\RoutingMiddleware.php, line 186
Cake\Http\Runner::handle() E:\xampp_7.2\htdocs\openemis_core_v4\vendor\cakephp\cakephp\src\Http\Runner.php, line 82
Cake\Routing\Middleware\AssetMiddleware::process() E:\xampp_7.2\htdocs\openemis_core_v4\vendor\cakephp\cakephp\src\Routing\Middleware\AssetMiddleware.php, line 77
Cake\Http\Runner::handle() E:\xampp_7.2\htdocs\openemis_core_v4\vendor\cakephp\cakephp\src\Http\Runner.php, line 82
Cake\Error\Middleware\ErrorHandlerMiddleware::process() E:\xampp_7.2\htdocs\openemis_core_v4\vendor\cakephp\cakephp\src\Error\Middleware\ErrorHandlerMiddleware.php, line 131
Cake\Http\Runner::handle() E:\xampp_7.2\htdocs\openemis_core_v4\vendor\cakephp\cakephp\src\Http\Runner.php, line 82
Cake\Http\Runner::run() E:\xampp_7.2\htdocs\openemis_core_v4\vendor\cakephp\cakephp\src\Http\Runner.php, line 67
Cake\Http\Server::run() E:\xampp_7.2\htdocs\openemis_core_v4\vendor\cakephp\cakephp\src\Http\Server.php, line 90
[main] E:\xampp_7.2\htdocs\openemis_core_v4\webroot\index.php, line 40

2024-02-01 10:01:56 notice: Undefined property: DirectoriesController::$response in E:\xampp_7.2\htdocs\openemis_core_v4\vendor\cakephp\cakephp\src\Controller\Component\CookieComponent.php on line 127
Request URL: /Directory/Directories/Directories/view/eyJpZCI6bnVsbH0.NzQxNDY3ODllMWMyMWE0NTFkNzVjNTU2NjdhZDY2MWRiNjY2MGZjY2I1YjExNzMwN2Y0NTY5MWQzMGU5ZDUyMA
Referer URL: https://localhost/openemis_core_v4/Directory/Directories/Directories/view/eyJpZCI6MTMxMX0.NTk3Y2Q3MWQ3YWFiNWM4MjI0MjMzZGVjNGY1YzM5MmE2YjZhYmI1MDQ0ZDBiODU2NDQ1MWY2NDU4M2E2Y2QxMA
Client IP: 127.0.0.1
Trace:
Cake\Controller\Controller::__get() E:\xampp_7.2\htdocs\openemis_core_v4\vendor\cakephp\cakephp\src\Controller\Controller.php, line 337
Cake\Controller\Component\CookieComponent::initialize() E:\xampp_7.2\htdocs\openemis_core_v4\vendor\cakephp\cakephp\src\Controller\Component\CookieComponent.php, line 127
Cake\Controller\Component::__construct() E:\xampp_7.2\htdocs\openemis_core_v4\vendor\cakephp\cakephp\src\Controller\Component.php, line 113
Cake\Controller\ComponentRegistry::_create() E:\xampp_7.2\htdocs\openemis_core_v4\vendor\cakephp\cakephp\src\Controller\ComponentRegistry.php, line 133
Cake\Core\ObjectRegistry::load() E:\xampp_7.2\htdocs\openemis_core_v4\vendor\cakephp\cakephp\src\Core\ObjectRegistry.php, line 110
Cake\Controller\Component::__get() E:\xampp_7.2\htdocs\openemis_core_v4\vendor\cakephp\cakephp\src\Controller\Component.php, line 149
Localization\Controller\Component\LocalizationComponent::initialize() E:\xampp_7.2\htdocs\openemis_core_v4\plugins\Localization\src\Controller\Component\LocalizationComponent.php, line 64
Cake\Controller\Component::__construct() E:\xampp_7.2\htdocs\openemis_core_v4\vendor\cakephp\cakephp\src\Controller\Component.php, line 113
Cake\Controller\ComponentRegistry::_create() E:\xampp_7.2\htdocs\openemis_core_v4\vendor\cakephp\cakephp\src\Controller\ComponentRegistry.php, line 133
Cake\Core\ObjectRegistry::load() E:\xampp_7.2\htdocs\openemis_core_v4\vendor\cakephp\cakephp\src\Core\ObjectRegistry.php, line 110
Cake\Controller\Controller::loadComponent() E:\xampp_7.2\htdocs\openemis_core_v4\vendor\cakephp\cakephp\src\Controller\Controller.php, line 304
App\Controller\AppController::initialize() E:\xampp_7.2\htdocs\openemis_core_v4\src\Controller\AppController.php, line 130
Directory\Controller\DirectoriesController::initialize() E:\xampp_7.2\htdocs\openemis_core_v4\plugins\Directory\src\Controller\DirectoriesController.php, line 26
Cake\Controller\Controller::__construct() E:\xampp_7.2\htdocs\openemis_core_v4\vendor\cakephp\cakephp\src\Controller\Controller.php, line 229
ReflectionClass::newInstance() [internal], line ??
Cake\Controller\ControllerFactory::create() E:\xampp_7.2\htdocs\openemis_core_v4\vendor\cakephp\cakephp\src\Controller\ControllerFactory.php, line 87
Cake\Http\BaseApplication::handle() E:\xampp_7.2\htdocs\openemis_core_v4\vendor\cakephp\cakephp\src\Http\BaseApplication.php, line 318
Cake\Http\Runner::handle() E:\xampp_7.2\htdocs\openemis_core_v4\vendor\cakephp\cakephp\src\Http\Runner.php, line 86
Cake\Http\Middleware\BodyParserMiddleware::process() E:\xampp_7.2\htdocs\openemis_core_v4\vendor\cakephp\cakephp\src\Http\Middleware\BodyParserMiddleware.php, line 157
Cake\Http\Runner::handle() E:\xampp_7.2\htdocs\openemis_core_v4\vendor\cakephp\cakephp\src\Http\Runner.php, line 82
Cake\Routing\Middleware\RoutingMiddleware::process() E:\xampp_7.2\htdocs\openemis_core_v4\vendor\cakephp\cakephp\src\Routing\Middleware\RoutingMiddleware.php, line 186
Cake\Http\Runner::handle() E:\xampp_7.2\htdocs\openemis_core_v4\vendor\cakephp\cakephp\src\Http\Runner.php, line 82
Cake\Routing\Middleware\AssetMiddleware::process() E:\xampp_7.2\htdocs\openemis_core_v4\vendor\cakephp\cakephp\src\Routing\Middleware\AssetMiddleware.php, line 77
Cake\Http\Runner::handle() E:\xampp_7.2\htdocs\openemis_core_v4\vendor\cakephp\cakephp\src\Http\Runner.php, line 82
Cake\Error\Middleware\ErrorHandlerMiddleware::process() E:\xampp_7.2\htdocs\openemis_core_v4\vendor\cakephp\cakephp\src\Error\Middleware\ErrorHandlerMiddleware.php, line 131
Cake\Http\Runner::handle() E:\xampp_7.2\htdocs\openemis_core_v4\vendor\cakephp\cakephp\src\Http\Runner.php, line 82
Cake\Http\Runner::run() E:\xampp_7.2\htdocs\openemis_core_v4\vendor\cakephp\cakephp\src\Http\Runner.php, line 67
Cake\Http\Server::run() E:\xampp_7.2\htdocs\openemis_core_v4\vendor\cakephp\cakephp\src\Http\Server.php, line 90
[main] E:\xampp_7.2\htdocs\openemis_core_v4\webroot\index.php, line 40

2024-02-01 17:01:57 debug: 
